Month,Year,Residential Electricity Demand (MkWh),Commercial Electricity Demand (MkWh),Industrial Electricity Demand (MkWh),Residential Natural Gas Demand (MMcf),Commercial Natural Gas Demand (MMcf),Industrial Natural Gas Demand (MMcf),Natural Gas EPP Demand (MMcf),Residential Electricity Price (cents/kWh),Commercial Electricity Price (cents/kWh),Industrial Electricity Price (cents/kWh),Residential Natural Gas Price (dollar/Mcf),Commercial Natural Gas Price (dollar/Mcf),Industrial Natural Gas Price (dollar/Mcf),Natural Gas Price EPP (dollar/Mcf),CDSD,CLDD,DP01,DP10,DSND,DSNW,DT00,DT32,DX32,DX70,DX90,EMNT,EMSD,EMSN,EMXP,EMXT,HDSD,HTDD,PRCP,SNOW,TAVG,TMAX,TMIN,WDF2,WDF5,WSF2,WSF5,DEWP,SNDP,VISIB,PRCP.1,GUST,WDSP,RH,MXSPD,STP,SLP,Unemployment Rate,Real GDP,Utilities Real GDP by State,Population
12,2017,4187.476159,6309.080512,1538.889863,53452.67405,35529.87543,7961.440321,36951.17708,16.99,13.46,5.85,10.52,6.93,7.2,5.12,637.27,0,12.2,5.33,11.67,7.86,2.8,26,13.64,0,0,-2.8,4.89,4.91,0.53,55.07,2301.08,1163.43,1.77,20.89,27.28,33.94,19.83,259.29,272.14,33.95,46.07,18.74,82.52,13.66,1.37,12.5,3.58,71.4,6.89,994.52,1017.83,4.7,1414313.4,19459.5,19.85
11,2017,4175.372799,6563.483924,1520.240931,41233.20009,30502.30773,8345.018446,33893.46875,17.8,13.91,5.76,13.07,6.64,6.71,3.4,616.17,0.21,12.47,6.6,0.44,0.57,0.14,17.21,1.21,0.64,0,16.5,0.67,0.87,0.8,66.93,1144.21,757.79,2.54,1.43,39.71,48.69,30.74,269.29,270.71,33.94,44.79,30.88,39.72,15.43,1.95,12.55,3.64,69.15,7.11,996.4,1019.18,4.7,1414313.4,19459.5,19.85
10,2017,4171.583893,6569.770148,1480.336348,31373.05165,23554.34939,7123.66428,32421.4974,18.74,15.02,6.15,17.16,6.5,6.44,2.33,615.92,25.5,11.2,7.2,0,0,0,1.43,0,15,0,33.57,0,0.01,2.19,81.43,386.29,246.57,4.94,0.01,57.86,67.75,47.93,197.86,186.43,36.78,49.29,48.76,NA,15.24,3.97,12.08,3.36,72.35,6.75,996.26,1018.85,4.7,1414313.4,19459.5,19.85
9,2017,3849.862904,6129.55059,1477.537389,34387.68446,24650.25564,6941.674696,31987.72396,18.8,16.13,6.19,18.12,6.02,6.17,2.36,612.92,107.53,8.13,4.8,0,0,0,0.33,0,22.27,1.27,42.27,0,0,0.91,90.07,132.13,90.4,2.31,0,65.57,75.98,55.13,220.71,245,26.56,35.71,56.48,NA,14.7,1.84,11.1,2.45,75.16,5.33,995.22,1017.59,4.7,1414313.4,19459.5,19.85
8,2017,3978.307201,6194.046606,1538.760202,34238.57509,24005.83898,6959.971571,29204.9375,18.56,15.95,6.2,19.05,5.95,6.82,2.56,508.62,159.93,10.33,6.4,0,0,0,0.07,0,29.13,0,48.87,0,0,1.1,87.27,41.6,31.07,3.07,0,69.15,78.95,59.36,220.71,240.71,30.06,39.64,59.39,NA,15.42,2.53,10.53,2.58,72.79,5.63,994.86,1017.44,4.7,1414313.4,19459.5,19.85
7,2017,4328.512435,6263.25684,1571.527546,34265.56467,24024.07335,6975.252821,30300.39063,18.79,16.1,5.92,19.13,6.64,8.04,2.75,352.62,207.53,12.4,6.67,0,0,0,0,0,29.73,1.8,52.73,0,0,1.23,88.8,10.47,10.47,3.79,0,71.35,80.43,62.31,199.29,225,25.79,35,62.04,NA,15.32,3.23,10.22,2.66,74.09,5.8,993.03,1015.18,4.7,1414313.4,19459.5,19.85
6,2017,4244.46681,6215.032049,1419.865098,34754.87457,24876.74262,6875.984592,33130.23958,18.74,15.96,6.11,16.28,6.87,7.78,2.96,151.85,125,13.6,7.93,0,0,0,0.07,0,23.8,1.73,44.4,0,0,1.42,91.2,5983.58,67.67,4.3,0,66.89,76.41,57.37,241.43,233.57,29.03,38.86,56.06,NA,15.39,3.43,11.09,3.24,69.31,6.72,991.03,1013.32,4.7,1414313.4,19459.5,19.85
5,2017,4031.668503,6115.637908,1492.506452,33252.41884,25528.63585,6456.060113,30924.91146,18.53,14.54,6.2,14.45,6.9,7.2,3.29,31.46,23.43,14.93,10.07,0,0,0,1,0,9.71,0.5,34.57,0,0,1.39,88.29,5909,284,5.21,0,56.54,65.49,47.61,267.14,266.43,33.38,43.93,46.39,NA,15.09,3.86,11.98,3.55,69.81,7.01,989.91,1012.55,4.7,1414313.4,19459.5,19.85
4,2017,4077.017174,6230.146345,1520.831165,28635.16363,22079.83898,6233.911675,32192.23958,17.3,13.78,5.87,11.1,6.99,7.85,3.39,8.93,8.47,14.2,7.73,0.44,0.43,0,4.4,0,6.6,0,29.2,0.56,1.01,1.18,83.8,5547.15,423.6,3.96,1.2,51.16,60.93,41.43,245.71,230.71,32.44,44.5,39.84,30.5,14.87,3.62,12.03,3.76,66.54,7.31,995.18,1016.53,4.7,1414313.4,19459.5,19.85
3,2017,4097.735091,6022.681658,1420.87752,43609.11155,30266.70095,6741.773655,37500.32031,17.02,14.2,5.87,10.81,7.14,7.49,4.26,0,0,12.93,6.67,8.44,3.14,1.27,21.33,7.87,0,0,4.67,10.22,11.34,1.23,63.07,5119,1018.13,3.82,18.87,32.15,40.57,23.73,260,217.14,40.06,57.07,19.74,142.32,13.93,2.14,13.82,4.45,61.57,8.17,997.16,1020.69,4.7,1414313.4,19459.5,19.85
2,2017,3874.509466,6416.931632,1395.536999,26718.12457,20949.62543,5656.841363,34595.67188,17.48,13.42,4.98,11.04,7.51,7.45,4.54,0,0,9.8,4.73,9.22,3.71,0.13,22.13,6.13,0.6,0,9.33,6,7.03,0.73,67.93,4085.08,863.87,2.02,15.01,34.15,42.81,25.48,270.71,260.71,37.38,51.43,24.18,106.03,14.18,1.79,12.71,3.98,66.54,7.69,990.56,1014.13,4.7,1414313.4,19459.5,19.85
1,2017,4064.257565,6303.871788,1434.560488,36530.55686,24244.75564,6508.406467,37301.42188,17.3,13.88,5.87,9.86,6.82,6.91,5.41,0,0,14.33,6.93,5.11,2.86,0.79,20.64,8.43,0,0,1.64,3.67,4.71,0.8,56.21,3210.85,1031.36,2.86,9.07,31.64,38.06,25.28,195.71,173.57,35.62,48.79,24.06,72.28,13.35,2.23,12.74,3.8,74.21,7.2,992.65,1016.19,4.7,1414313.4,19459.5,19.85
12,2016,4087.616159,6274.790512,1482.609863,43881.67405,29634.87543,7560.440321,39015.17708,17.17,13.75,5.83,9.6,6.5,6.11,5.48,821.21,0,14.87,7.6,9.78,4.86,0.87,24.53,6.87,0,0,4.13,4.78,5.69,0.62,56.07,2151.36,1028.87,2.67,18.36,31.73,38.8,24.69,264.29,256.43,33.16,45,22.93,74.54,14.05,2.43,12.75,4.06,69.85,7.72,995.52,1019.05,4.8,1387644.6,19300.5,19.84
11,2016,4085.572799,6384.543924,1451.990931,36569.20009,26503.30773,7061.018446,33988.46875,17.73,13.99,6.59,10.95,5.97,5.69,2.95,821.21,0,10,5.2,1.22,0.57,0,11.53,0.8,1,0,25.4,3.56,4.49,0.98,70.2,1109.21,627.6,2.64,6.01,43.95,52.83,35.08,273.57,276.43,32.16,44.64,34.26,141.83,14.43,1.94,12.43,3.41,70.73,6.64,994.86,1017.97,4.9,1387644.6,19300.5,19.84
10,2016,4183.423893,6388.090148,1383.766348,34221.05165,27607.34939,6933.66428,34337.4974,18.26,14.85,5.95,14.87,5.59,5.56,1.98,821.21,9.07,12.13,7,0.11,0.14,0,2.93,0.07,8.57,0,30.07,0.11,0.46,1.3,81.43,470.14,374.5,3.97,0.46,53.21,62.41,44.01,270,270.71,30.54,41.71,45.16,30.5,14.96,3.33,11.69,3.24,74.32,6.39,997.27,1019.59,4.9,1387644.6,19300.5,19.84
9,2016,4744.642904,6695.81059,1395.217389,32813.68446,24929.25564,6821.674696,40214.72396,18.36,15.76,6.18,17.34,5.33,5.29,2.18,836.07,108,8.87,5.33,0,0,0,0.4,0,24.87,1,40.27,0,0,1,89.47,90.67,79.73,2.46,0,65.95,76.54,55.33,265.71,220,28.01,38.07,55.78,NA,15.5,1.81,10.63,2.78,70.68,5.82,997.32,1019.29,4.9,1387644.6,19300.5,19.84
8,2016,4849.117201,6703.866606,1480.540202,33289.57509,25514.83898,7034.971571,49386.9375,17.99,15.56,6.28,17.86,5.3,5.7,2.56,728.2,292.07,9.2,5.73,0,0,0,0,0,30.8,4.87,52.93,0,0,0.92,93.2,10.93,4.13,2.81,0,74.37,84.2,64.55,238.57,251.43,28.64,41.21,63.69,NA,15.7,2.63,10.54,2.78,70.75,5.96,995.24,1016.87,4.9,1387644.6,19300.5,19.84
7,2016,4497.832435,6379.96684,1538.867546,34310.56467,24947.07335,6822.252821,42541.39063,17.93,15.66,5.59,16.64,5.58,5.56,2.73,435.93,277.4,10.6,6,0,0,0,0,0,30.33,5.67,53.53,0,0,1.46,94,6.73,6.73,3.76,0,73.77,83.98,63.55,246.43,263.57,31.39,45.79,61.58,NA,15.66,2.51,10.96,2.91,66.87,6.26,992.57,1014.2,4.9,1387644.6,19300.5,19.84
6,2016,4278.26681,6377.612049,1445.265098,33697.87457,25275.74262,6814.984592,38829.23958,17.87,15.1,6.7,14.69,5.77,5.55,2.35,158.33,108.4,8,4.07,0,0,0,0.07,0,25.93,1.4,45,0,0,0.95,89.2,5604.47,50.73,2.14,0,66.91,78.01,55.79,301.43,290,29.61,39.57,53.05,NA,15.8,1.76,11.5,3.23,61.73,6.54,991.62,1013.39,4.8,1387644.6,19300.5,19.84
5,2016,4051.218503,6276.337908,1511.326452,34734.41884,24367.63585,6101.060113,41616.91146,17.71,13.57,5.72,10.99,6.03,5.72,2.12,49.8,49.4,11.13,6.33,0,0,0,1.33,0,15,0.67,35.07,0,0,0.86,89.53,5553.6,262.13,2.62,0,58.13,68.77,47.48,285.71,268.57,30.94,42.14,45.29,NA,15.04,1.92,11.29,3.03,64.03,6.42,992.86,1014.91,4.8,1387644.6,19300.5,19.84
4,2016,4004.247174,6241.496345,1479.551165,34642.16363,24078.83898,6841.911675,39651.23958,17.38,13.77,5.94,9.88,6.21,5.88,2.37,0.4,0.27,11.27,7.07,2,1.71,0.07,13.27,1.6,3.13,0,15.8,2,3.01,0.59,76.47,5291.33,612.93,2.24,5.17,44.53,55.05,33.98,270.71,261.43,36.14,49.5,29.39,58.75,15.32,1.89,11.73,3.59,56.35,7.09,994.63,1017.46,4.8,1387644.6,19300.5,19.84
3,2016,4016.285091,6375.781658,1489.90752,23091.11155,17592.70095,6327.773655,35520.32031,16.79,13.54,5.97,9.64,6.48,6.2,2.23,0.13,0.13,11.93,6,1.22,0.57,0.33,16.53,2.07,1.67,0,14.4,1.11,1.59,0.65,72.73,4678.4,743.93,2.09,2.19,40.94,50.76,31.13,244.29,260,36.49,48.93,28.33,34.04,15.11,1.53,12.91,3.86,61.84,7.64,993.93,1016.63,4.8,1387644.6,19300.5,19.84
2,2016,4077.439466,6223.211632,1508.496999,33058.12457,23932.62543,6370.841363,37316.67188,16.76,13.57,6.08,9.45,6.7,6.24,3.45,0,0,13,6.53,9.11,4.29,2.67,22.8,8.4,0,0,-11,7.11,7.79,1.24,59.93,3934.4,1001.73,3.61,16.63,30.22,39.29,21.13,210.71,195.71,36.51,49.43,20.39,83.8,14.12,3.04,13.15,4.27,67.53,8.02,992.65,1015.74,4.8,1387644.6,19300.5,19.84
1,2016,3955.627565,6185.451788,1541.690488,38156.55686,28187.75564,6158.406467,40009.42188,16.56,13.41,5.51,10.3,6.7,6.22,3.82,0,0,9.8,3.13,10.11,4.14,1.2,27.8,11.6,0,0,3.33,9.56,11.67,0.97,55.27,2932.73,1151.87,1.79,21.7,27.62,35.84,19.41,213.57,239.29,37.15,52.93,17.59,128.72,14.51,1.23,13.09,4.07,65.9,7.65,992.44,1015.6,4.9,1387644.6,19300.5,19.84
12,2015,3944.116159,6259.230512,1469.999863,22039.67405,18569.87543,5522.440321,36089.17708,17.5,13.91,5.72,11.43,6.78,6.26,2.96,736.93,0,15.4,8.87,0.78,0.57,0,10.6,0.8,0.4,0,23.13,0.78,0.97,0.96,69.13,1780.53,676.8,3.84,1.27,43.03,50.09,35.98,258.57,259.29,31.94,43.43,36.08,44.65,13.28,2.75,11.84,3.31,76.89,6.44,995.83,1018.63,4.9,1369469.8,18795.1,19.82
11,2015,3952.332799,6349.233924,1459.210931,32458.20009,23663.30773,6615.018446,38376.46875,18.23,14.04,5.87,12.26,6.32,6.01,2.69,736.93,0.73,9.07,3.6,0.11,0,0,10.67,0.53,2.4,0,20.93,0.11,0.14,0.68,73.2,1103.73,572.87,1.63,0.24,45.93,55.12,36.74,245,237.86,32.51,44.64,36.16,30.5,15.38,1.4,12.3,3.47,68.18,6.7,999.05,1021.52,4.9,1369469.8,18795.1,19.82
10,2015,4242.563893,6411.720148,1485.786348,36594.05165,25864.34939,6766.66428,41889.4974,18.3,15.33,6.3,14.24,6.24,5.57,2.6,736.2,0.67,11.27,6.33,0,0,0,6,0,5,0,26.13,0,0.06,1.35,74.93,530.53,443.87,3.33,0.06,50.7,60.12,41.31,206.43,201.43,32.24,44.29,40.7,NA,15.6,2.64,11.75,3.5,68.8,6.73,996.12,1019.17,4.9,1369469.8,18795.1,19.82
9,2015,4585.602904,6650.59059,1492.677389,33635.68446,23957.25564,6824.674696,44634.72396,18.38,16.13,6.53,17.5,5.96,5.83,2.51,735.47,135.47,8.27,5.93,0,0,0,0.27,0,26.2,1.73,43.87,0,0,1.87,91.27,86.8,57.8,4.35,0,67.6,78.24,56.93,249.29,227.86,25.97,36.36,57.61,NA,14.61,3.08,10.43,2.59,72.17,5.46,996.16,1018.66,5,1369469.8,18795.1,19.82
8,2015,4277.867201,6431.896606,1502.840202,34166.57509,23979.83898,7002.971571,39244.9375,18.38,15.96,6.33,17.3,5.72,5.33,2.61,599.73,211.6,8.4,4,0,0,0,0,0,30.13,2,52.53,0,0,1.46,89.53,28.93,14.2,2.81,0,71.37,81.41,61.35,233.57,212.86,27.14,37.57,59.8,NA,15.56,1.97,10.18,2.73,68.96,5.8,993.46,1015.22,5,1369469.8,18795.1,19.82
7,2015,3983.032435,6247.96684,1550.507546,33865.56467,24369.07335,6649.252821,37411.39063,18.71,16.2,6.25,17.09,6.05,5.86,2.56,388,225.93,10.87,7.2,0,0,0,0,0,30.2,1.93,51.67,0,0,0.78,91.6,14.73,14.73,2.66,0,71.83,81.57,62.07,225.71,213.85,26.87,36.54,60.58,NA,15.12,2.57,10.33,2.69,69.45,5.76,991.4,1013.08,5.2,1369469.8,18795.1,19.82
6,2015,4205.28681,6348.882049,1882.425098,33967.87457,23403.74262,6793.984592,34996.23958,18.76,16.29,6.01,16.26,6.8,6,2.71,162.07,96.47,15.6,9.93,0,0,0,0.2,0,23.73,0.13,42.4,0,0,1.4,85.47,6903.4,74.13,6.13,0,65.75,74.8,56.69,275,253.57,30.16,43.93,56.63,NA,14.62,4.86,11.02,3.15,73.81,6.38,992.86,1014.81,5.3,1369469.8,18795.1,19.82
5,2015,4171.928503,6408.717908,1125.386452,30888.41884,23207.63585,6716.060113,41676.91146,18.06,14.51,5.76,12.68,6.65,6.54,2.76,65.6,65.6,8.6,4.33,0,0,0,1.33,0,21.07,0.33,34.33,0,0,0.96,87.27,6829.33,147.6,2.05,0,62.35,74.04,50.67,227.14,245.71,31.31,42.29,48.77,NA,15.22,1.47,11.43,3.34,61.79,6.75,997.46,1019.38,5.4,1369469.8,18795.1,19.82
4,2015,4314.977174,6435.426345,1538.831165,34202.16363,23143.83898,7180.911675,35037.23958,17.72,14.46,6.31,10.19,7.24,7.21,2.82,0,0,12.6,7.47,0,0,0.07,8.6,0.13,3.07,0,22.87,0,0.19,0.75,77.27,6681.53,542.47,2.37,0.23,46.84,57.07,36.62,246.43,226.43,34.25,47.57,32.86,37.35,15.05,2.01,12.34,4.08,60.7,7.79,992.61,1015.33,5.5,1369469.8,18795.1,19.82
3,2015,4571.755091,6643.241658,1496.24752,50285.11155,31213.70095,8015.773655,43608.32031,18.92,15.81,7.51,9.34,7.11,7.21,4.48,0,0,13.6,6.13,14.11,4.14,2.07,26.4,6.67,0,0,-2.87,13,3.37,0.6,53.2,6139,1081.73,2.34,11.43,29.71,38.73,20.69,273.57,300,35.06,46.71,18.79,202.48,13.87,1.71,12.53,3.89,63.21,7.58,996.52,1019.87,5.6,1369469.8,18795.1,19.82
2,2015,4489.729466,6494.861632,1528.806999,57479.12457,35373.62543,7547.841363,37190.67188,19.75,15.73,6.85,9.79,7.18,7.04,9.93,0,0,11.2,4.13,21.78,9.57,10.33,28,23.07,0,0,-11.13,15.67,7,0.59,36.6,5057.07,1446.67,1.61,34.6,13.33,23.31,3.34,277.86,279.29,32.88,43,5.26,314.71,12.81,1.18,12.47,3.97,69.23,7.45,994.94,1019,5.7,1369469.8,18795.1,19.82
1,2015,4273.537565,6323.841788,1546.470488,52583.55686,34461.75564,7423.406467,41430.42188,19.28,14.68,6.24,10.51,7.52,7.43,6.24,0,0,11,5.07,14.56,6,5,29.13,18.27,0,0,-5.07,7.33,6.97,0.9,51.53,3610.53,1349,2.61,20.49,21.03,29.97,12.08,265.71,280.71,35.78,47.57,11.8,107.83,13.56,1.75,13.11,4.24,67.07,7.87,996.1,1019.74,5.7,1369469.8,18795.1,19.82
12,2014,4148.446159,6433.090512,1399.749863,40369.67405,27412.87543,6904.440321,41175.17708,19.26,14.89,6.17,10.66,7.6,7.19,4.71,547.6,0,14.47,7.4,4.56,2.29,0.13,21.33,7.27,0,0,14.2,5.22,5.77,1.29,58.33,2261.4,960.67,3.65,9.84,33.95,39.78,28.11,220.71,226.43,33.75,45.36,27.18,90.23,13.57,2.49,11.79,3.73,75.74,6.73,997.26,1020.35,5.8,1348203.5,19376,19.77
11,2014,4169.662799,6409.793924,1492.130931,43653.20009,30519.30773,6900.018446,38839.46875,19.45,15.29,6.24,12.27,7.32,7.03,4.63,547.6,0,12.33,6.2,3.67,2.57,0.07,15.73,3.67,0.4,0,14.13,3.56,3.84,0.85,67.87,1300.73,775.47,2.87,9.41,39,46.37,31.6,291.43,294.29,34.44,53.86,27.94,130.63,14.63,2.1,12.33,4.06,65.37,7.38,993.57,1016.37,5.9,1348203.5,19376,19.77
10,2014,3981.623893,6376.880148,1515.216348,32180.05165,24688.34939,6558.66428,37925.4974,19.43,15.84,6.09,15.99,7.2,6.71,3.28,547.6,10.2,14.6,7.4,0,0,0,1.93,0,6.93,0,32.2,0,0,0.98,78,525.33,351.6,3.41,0,53.95,62.27,45.63,236.43,211.43,31.98,42.21,45.55,NA,15.23,2.61,11.7,3.6,72.91,6.85,991.09,1013.22,6,1348203.5,19376,19.77
9,2014,3967.662904,6375.19059,1499.077389,34550.68446,24890.25564,6882.674696,38262.72396,19.41,16.82,6.47,17.86,7.15,6.75,3.29,537.33,74.6,8.2,4.93,0,0,0,0.6,0,21.4,0.47,38.53,0,0,0.62,88.33,173.73,129.67,1.72,0,63.17,73.7,52.65,238.57,237.14,26.37,37.07,54.17,NA,15.2,1.6,10.88,2.73,73.25,5.74,997.23,1019.28,6,1348203.5,19376,19.77
8,2014,3622.687201,6086.016606,1479.450202,33705.57509,23034.83898,6592.971571,31680.9375,19.51,16.37,6.42,18.88,7.21,7.48,3.36,462.73,136.93,9,4.93,0,0,0,0,0,29.07,0.07,50.13,0,0,2.31,86.4,43.87,24.33,3.76,0,68.63,78.39,58.87,177.14,178.57,28.41,38.07,58.69,NA,15.16,2.66,10.28,2.53,72.2,5.53,994.7,1016.51,6.1,1348203.5,19376,19.77
7,2014,4020.782435,6297.76684,1547.787546,34221.56467,22899.07335,6818.252821,34174.39063,20.48,16.78,6.47,18.99,7.71,7.93,3.96,325.87,184.4,11.93,8.2,0,0,0,0,0,29.6,0.73,52.6,0,0,1.5,88.73,19.6,19.6,4.92,0,70.34,79.57,61.1,236.43,246.43,28.62,40.29,60.12,NA,15.28,3.6,11.02,2.97,71.34,6.29,994.12,1014.42,6.2,1348203.5,19376,19.77
6,2014,4109.35681,6245.542049,1498.525098,33261.87457,24651.74262,6825.984592,38517.23958,20.88,16.4,6.33,17.99,7.91,8.1,4.4,141.13,117.73,10.27,6.13,0,0,0,0.07,0,27.13,0.53,45.27,0,0,1.26,88,6954.07,35.2,3.57,0,67.77,77.99,57.53,247.14,227.14,25.63,35.07,56.85,NA,15.18,2.73,10.24,2.82,68.9,5.84,995.18,1015.57,6.4,1348203.5,19376,19.77
5,2014,4186.368503,6430.877908,1583.536452,38802.41884,26124.63585,6832.060113,34364.91146,20.59,15.05,5.93,14.55,8.75,8.66,4.69,23.33,22.53,14.73,7.47,0,0,0,0.93,0,14.73,0.07,36.47,0,0,1.07,85.53,6921.29,214.47,3.29,0,58.8,68.92,48.69,199.29,204.29,31.19,43.71,46.38,NA,15.03,3.74,11.4,3.39,64.45,6.82,995.2,1015.79,6.5,1348203.5,19376,19.77
4,2014,4294.097174,6460.626345,1445.411165,36375.16363,25827.83898,7214.911675,35574.23958,19.54,14.91,6.21,12.49,8.95,8.68,5.19,0.8,0.8,13.2,8,0.44,0.29,0,10.47,0.07,2.33,0,23.53,0.78,0.7,1.74,76,6709.79,571.93,4.55,0.76,45.84,56.53,35.17,230.71,247.86,33.34,45.93,32.19,47.56,15.17,2.38,12.38,4.14,59.98,7.77,995.81,1016.82,6.6,1348203.5,19376,19.77
3,2014,4445.795091,6486.021658,1461.69752,46390.11155,31321.70095,7766.773655,40038.32031,20.9,16.84,6.84,11.78,9.22,9.38,8.44,0,0,9.53,5,9.11,3,3.53,26.4,9.4,0,0,-2.87,6.44,8.79,1.3,55.73,6139.57,1144.53,3.03,15.26,27.96,37.79,18.13,272.86,272.14,34.07,46.07,15.59,123.37,14.59,2.22,12.45,4.15,59.31,7.65,995.77,1017.24,6.7,1348203.5,19376,19.77
2,2014,4543.879466,6558.861632,1556.866999,41273.12457,27951.62543,7406.841363,42263.67188,21.69,17.48,8.19,11.32,9.25,8.64,11,0,0,12.13,5.73,17.22,6.57,3.47,26.67,17.13,0,0,-5.47,9.44,9.16,0.9,49.73,5000,1188.73,2.77,26.27,22.53,30.56,14.51,273.57,238.57,35.8,47.86,13.49,193.27,13.09,2.16,12.7,3.67,67.08,7.39,995.87,1017.9,6.8,1348203.5,19376,19.77
1,2014,4484.567565,6380.131788,1523.530488,43529.55686,30844.75564,7551.406467,39979.42188,19.57,16.4,7.64,11.18,8.31,8.01,11.85,0,0,12.93,5.4,15.67,6.57,5.2,28.4,17.33,0,0,-9.47,6.89,7.69,0.59,53.8,3817.64,1349.93,2.02,24.57,21.04,29.61,12.47,257.14,237.86,35.4,47.79,11.81,120.62,13.19,1.46,12.8,4.18,66.46,7.7,994.32,1016.27,7,1348203.5,19376,19.77
12,2013,4372.676159,6408.930512,1484.219863,46455.67405,29276.87543,7112.440321,42872.17708,18.18,14.45,5.97,10.5,7.62,7.39,6,681.93,0,14.53,7.47,8.89,5.71,1.93,25.8,11.67,0,0,0.67,5.22,4.74,1.02,59.47,2472.93,1111.13,3.42,18.7,29.16,36.6,21.73,228.57,247.14,29.46,39.86,22.88,80.59,12.7,2.49,11.5,3.31,74.38,6.64,997.43,1019.08,7.1,1319298.5,19900.1,19.71
11,2013,4040.912799,6402.103924,1421.110931,43037.20009,30843.30773,7026.018446,38057.46875,18.49,13.76,5.49,12.27,7.62,7.51,4.73,681.93,0,12.33,6.2,2.89,2.14,0.43,18,3.36,0.14,0,11,2.78,2.63,1.12,67.29,1364.71,799.43,2.85,6.73,38.28,46.81,29.71,235,262.14,36.76,51,27.03,67.04,14.81,2.38,12.98,4.08,64.02,7.6,999.46,1020.84,7.3,1319298.5,19900.1,19.71
10,2013,4040.473893,6369.280148,1505.726348,32514.05165,24472.34939,6541.66428,31394.4974,18.88,15.36,5.95,16.12,7.87,7.7,4.42,660.13,10.73,12.2,6.07,0,0,0,4.47,0,8.13,0,27.33,0,0,0.62,80.93,578.6,366.2,2.44,0,53.52,63.27,43.77,197.86,195.71,29.45,40.64,44.14,NA,15.01,1.74,11.24,2.85,70.95,5.91,996.96,1017.65,7.4,1319298.5,19900.1,19.71
9,2013,4100.482904,6356.25059,1447.197389,34656.68446,23585.25564,6296.674696,30068.72396,19.56,16.62,5.82,18.42,7.47,7.17,4.34,649.33,58.13,10.47,5.27,0,0,0,0.87,0,18.73,0.47,37.67,0,0,1.07,89.33,212.33,176.6,2.77,0,61.07,71.71,50.41,255,233.57,26.87,36.93,51.78,NA,14.8,2.43,10.16,2.6,72.33,5.6,996.24,1016.79,7.6,1319298.5,19900.1,19.71
8,2013,4153.157201,6444.536606,1448.530202,33207.57509,23331.83898,6594.971571,29540.9375,19.14,16.38,6.04,18.99,7.17,6.89,4.48,590.93,149,11.53,6.8,0,0,0,0,0,30,0,49.87,0,0,1.15,86.47,35.67,23.4,3.2,0,69.05,78.52,59.57,250.71,249.23,25.24,46.08,59.11,NA,14.76,2.54,10.09,2.49,72.3,5.5,996.12,1016.51,7.7,1319298.5,19900.1,19.71
7,2013,4669.112435,6472.93684,1506.417546,32994.56467,24170.07335,6719.252821,46529.39063,20.03,16.75,7.01,19.25,7.1,7.35,4.74,441.93,292.13,13.13,7.47,0,0,0,0,0,30,5.53,52.27,0,0,1.4,94,12.13,12.13,3.79,0,74.03,82.69,65.36,267.14,246.43,30.17,54.29,64.85,NA,14.77,3.08,10.12,2.67,74.45,5.69,996.55,1016.77,7.7,1319298.5,19900.1,19.71
6,2013,4349.86681,6368.112049,1438.915098,32032.87457,24774.74262,6603.984592,37536.23958,19.32,16.05,7.08,18.16,7.88,7.99,5.04,149.73,111.73,14.73,10.87,0,0,0,0.2,0,22.8,1.4,45.8,0,0,2.43,89.33,6348.31,68.13,7.6,0,66.45,75.37,57.55,199.29,208.46,29.29,41.38,57.11,NA,14.48,5.53,10.7,3.01,72.84,6.25,992.78,1013.25,7.8,1319298.5,19900.1,19.71
5,2013,4259.158503,6335.247908,1488.246452,30233.41884,24375.63585,6857.060113,38723.91146,18.35,14.54,6.64,15.73,8.34,7.37,5.14,38.07,38,12.4,8.27,0,0,0,1.67,0,17.07,0.47,33.4,0,0,1.16,88.6,6274.54,229.67,4.13,0,58.8,69.96,47.63,282.14,287.86,33.68,45.86,46.48,NA,14.79,2.76,11.26,3.18,64.49,6.56,996.9,1017.48,7.8,1319298.5,19900.1,19.71
4,2013,4307.317174,6339.506345,1598.571165,30964.16363,23503.83898,6606.911675,37390.23958,17.67,14.12,6.83,12.65,8.33,7.65,5.21,0,0,11.6,5.27,0.44,0.43,0,10.73,0.33,3.67,0,23.27,1,2,0.8,77.73,6045.46,564.33,2.29,2.29,46.15,56.44,35.87,212.86,182.14,34.24,50,32.26,50.18,15.29,1.94,12.67,4.16,59.33,7.93,998.3,1019.36,7.9,1319298.5,19900.1,19.71
3,2013,4180.715091,6279.431658,1479.08752,35611.11155,25517.70095,6552.773655,39112.32031,18.16,14.88,7.27,11.41,8.36,7.83,5.41,0,0,10.07,4.13,5.56,3.86,0.2,24.67,5.33,0,0,15.07,3,3.54,0.55,58.4,5469.69,960.13,1.57,11.27,34.03,41.27,26.76,173.57,175,32.64,43.29,22.94,55.41,14.57,1.03,11.84,4.1,64.78,7.46,992.83,1014.13,8,1319298.5,19900.1,19.71
2,2013,4223.569466,6355.601632,1531.616999,32164.12457,22794.62543,6492.841363,43828.67188,19.1,15.7,7.72,10.8,8.43,7.11,6.94,0,0,12.4,5.53,12,4.71,1.67,25.2,11.67,0,0,0.93,8.67,9.04,0.92,48,4494.46,1050.33,2.51,23.49,26.65,33.72,19.62,239.29,195.71,34.42,54.43,18.05,100.86,13.48,2.04,12.71,3.91,68.46,7.49,994.03,1015.79,8.1,1319298.5,19900.1,19.71
1,2013,4079.907565,6210.381788,1561.320488,32485.55686,24129.75564,6371.406467,40792.42188,17.93,14.83,7.26,11.27,8.37,7.38,7.21,0,0,12.8,5,10.56,2.29,3,25.67,11.07,0,0,-3,5.22,2.29,0.65,60.27,3430.46,1147.2,1.95,6.94,27.93,36.3,19.55,230.71,227.86,38.93,60.86,19.59,81.4,13.57,1.44,12.83,3.74,69.94,7.37,997.84,1019.4,8.1,1319298.5,19900.1,19.71
12,2012,4176.116159,6166.440512,1188.539863,32973.67405,24799.87543,5673.440321,40203.17708,17.47,14.48,6.16,11.97,8.64,7.24,5.2,774.83,0,17.33,10.6,4.44,3.29,0.27,20.93,5.6,0.13,0,15.6,6.56,5.76,0.99,62.33,2269.69,922.2,4.56,14.47,35.25,41.85,28.64,216.43,226.43,34.58,48.29,28.72,149.89,13.22,3.39,12.3,3.59,77.12,6.91,994.79,1016.32,8.2,1322447.9,19728,19.63
11,2012,4238.492799,6218.983924,1161.330931,42045.20009,27965.30773,6901.018446,45299.46875,17.44,14.25,6.18,11.35,7.72,7.53,4.89,774.83,0,7.33,2.87,0.56,0.57,0.07,18.2,1.2,0.4,0,20.07,1.11,1.39,0.48,68.27,1334.31,795.4,1.02,2.11,38.49,46.67,30.31,248.57,257.14,32.47,43.14,28.58,47.7,15.17,0.92,11.46,3.06,68.5,5.95,1000.09,1021.35,8.2,1322447.9,19728,19.63
10,2012,4066.753893,6382.980148,1187.596348,33776.05165,23562.34939,6102.66428,40961.4974,18.44,15.14,6.09,15.26,7.61,6.97,4.08,774.83,5.13,16.47,8.27,0,0,0,2.67,0,5.4,0,27.73,0,0,1.2,76.6,529.62,355.87,3.98,0,53.63,61.74,45.53,128.57,108.57,39.48,58,46.02,NA,14.2,2.95,12.19,3.19,75.62,6.43,993.6,1014.22,8.3,1322447.9,19728,19.63
9,2012,4400.422904,6740.62059,1183.647389,33404.68446,24677.25564,6319.674696,36852.72396,18.52,16.22,6.24,18.16,6.39,6.87,3.68,769.5,64.79,11,6.6,0,0,0,0.5,0,19.79,0.14,39.5,0,0,1.64,86.36,164.23,139.93,4.37,0,62.49,72.47,52.51,232.31,226.15,33.3,44.77,53.54,NA,15.28,3.23,11.07,2.71,72.57,6.06,996.1,1016.62,8.4,1322447.9,19728,19.63
8,2012,4592.817201,6447.416606,1069.950202,32798.57509,24005.83898,6414.971571,42039.9375,18.12,15.31,7.38,18.78,6.5,6.3,3.76,709.46,216.07,10.2,5.87,0,0,0,0.07,0,30.87,2.13,50.07,0,0,0.99,91.87,20.86,13.67,2.62,0,71.53,81.84,61.23,205,185,32.74,52.86,60.95,NA,15.17,2.33,9.95,2.35,70.68,5.48,994.95,1015.16,8.5,1322447.9,19728,19.63
7,2012,4603.962435,6470.07684,1142.877546,32614.56467,24003.07335,6503.252821,48950.39063,18.38,16.46,7.27,17.4,6.62,6.18,3.74,488.46,286.5,9.8,4.87,0,0,0,0,0,30.71,5.86,54.29,0,0,1.22,94.86,6.57,6.57,2.82,0,74.03,84.41,63.66,225.38,258.46,29.72,41.54,61.58,NA,15.53,2.05,10.58,2.59,66.08,5.93,993.65,1013.82,8.6,1322447.9,19728,19.63
6,2012,4330.11681,6436.302049,1092.135098,31620.87457,24157.74262,6338.984592,44139.23958,18.31,15.93,7.12,18,6.96,6.78,3.49,193.62,130.29,12.4,6.53,0,0,0,0.07,0,24.43,3.21,45.57,0,0,1.3,93,5255.62,60.21,4.07,0,67.34,77.14,57.55,251.54,262.31,29.52,42.69,56.21,NA,15.42,2.84,10.65,3.04,68.01,6.33,993.19,1013.58,8.7,1322447.9,19728,19.63
5,2012,4276.198503,6352.457908,1143.896452,27917.41884,21671.63585,6390.060113,44549.91146,17.33,14.61,6.71,15.13,7.56,6.64,3.13,62.43,55.13,13.93,7.53,0,0,0,0.6,0,18.8,0.4,38.2,0,0,1.05,87.47,5176.64,146.53,3.56,0,62.04,71.95,52.13,276.43,237.14,28.56,42.57,51.19,NA,14.3,2.74,10.56,2.74,69.23,5.98,995.46,1015.88,8.7,1322447.9,19728,19.63
4,2012,4019.397174,6305.386345,1133.371165,24276.16363,20858.83898,6619.911675,40880.23958,16.71,14.53,6.68,13.06,7.87,6.79,2.96,5.36,4,9.93,5.33,0.22,0.29,0,10.13,0,3.53,0.2,27.4,0.22,0.67,1.5,83.93,5033.21,530.93,2.77,0.69,47.44,57.88,37,260,263.57,33.17,45.43,31.52,54.6,15.41,1.92,11.88,3.83,56.13,7.62,991.88,1012.91,8.7,1322447.9,19728,19.63
3,2012,3936.485091,6190.001658,1183.01752,13532.11155,13831.70095,5045.773655,35736.32031,16.64,14.3,6.84,12.99,8.88,7.42,3.51,1.21,1.13,12.47,4.8,1.44,1.29,0.13,11.4,1.47,5.53,0,13.47,1.11,1.73,0.39,78.27,4510.86,611.53,1.38,3.04,45.31,55.17,35.47,273.57,252.86,35.74,58.36,32.75,45.94,14.52,1.2,12.37,3.68,62.36,7.21,997.41,1018.49,8.7,1322447.9,19728,19.63
2,2012,4040.209466,6155.771632,1108.856999,23938.12457,18060.62543,5687.841363,39869.67188,16.51,14.25,6.75,11.69,7.76,6.78,4.27,0,0,11.13,3.87,3.22,2,0.6,23.67,4.07,0,0,11,1.89,3.71,0.46,55.6,3911.21,910.73,1.26,8.93,32.69,40.53,24.85,255,262.14,33.58,45.43,22.94,60.4,14.68,0.85,12.19,3.64,65.42,7.36,995.7,1017.21,8.6,1322447.9,19728,19.63
1,2012,4010.527565,6151.511788,1110.110488,28813.55686,22638.75564,6134.406467,39591.42188,16.79,14.44,7.07,11.67,8.26,6.81,5.52,0,0,14.27,7.07,7.22,4,1.57,25.43,8.57,0,0,1.21,4,4.61,0.85,55,3008.43,1063.21,2.72,13.56,30.71,38.92,22.47,260,265.71,38.46,53.14,21.08,61.72,14.13,1.98,13.05,4.11,68.71,8.08,994.8,1015.72,8.6,1322447.9,19728,19.63
12,2011,4019.296159,6211.790512,1101.229863,29469.67405,22480.87543,6108.440321,39068.17708,17.26,14.43,7.24,12.65,9.19,7.32,4.88,743.4,0,13.8,6.73,0.89,1.14,0.4,21.93,3.27,0,0,11.33,0.89,1.5,0.93,57.6,1974.2,913.47,3,2.93,35.38,43.44,27.33,247.14,258.57,35.11,47.71,27.7,35.36,14.44,2.43,12.01,3.25,71.56,6.8,999.18,1020.57,8.6,1269244.9,19399.9,19.53
11,2011,4192.932799,6322.583924,1065.260931,31026.20009,22333.30773,6207.018446,36756.46875,17.93,14.61,6.94,13.93,9.19,8.41,4.88,743.4,0,10,5.53,0,0,0,10.93,0.13,0.2,0,23.6,0,0.13,0.87,68.47,1060.73,573.8,2.66,0.13,45.82,55.15,36.49,237.14,253.57,29.41,40.36,36.32,NA,15.08,2.18,11.47,3.29,68.96,6.69,997.32,1018.25,8.5,1269244.9,19399.9,19.53
10,2011,4210.863893,6434.900148,1161.466348,35170.05165,26483.34939,6215.66428,37307.4974,18.78,15.71,7.4,16.56,9.02,8.66,4.75,743.4,4,13.67,8.6,0.56,0.43,0,4.2,0,5.6,0,26.67,0.56,0.8,1.07,81.4,486.87,389.47,4.2,1.03,52.47,61.11,43.79,213.57,222.86,30.19,41,43.61,56.71,14.8,3.11,11.85,3.09,72.98,6.31,994.42,1015.39,8.5,1269244.9,19399.9,19.53
9,2011,4236.442904,6368.31059,994.7673893,32880.68446,23248.25564,6007.674696,33294.72396,18.84,16.73,7.37,19.75,8.63,8.15,4.99,739.33,89.93,14.2,8.4,0,0,0,0.27,0,21.33,0.13,41.13,0,0,1.68,85.67,97.13,82.27,5.61,0,65.27,73.63,56.89,271.43,211.43,25.94,40.5,58.6,NA,13.88,4.93,10.14,2.5,80.04,5.54,996.21,1016.59,8.4,1269244.9,19399.9,19.53
8,2011,4347.557201,6466.996606,1109.030202,33734.57509,24452.83898,6275.971571,33293.9375,19.25,17.05,8.36,19.78,8.55,7.72,5.26,649.2,187.07,13.73,8.8,0,0,0,0,0,29.87,0.6,51.6,0,0,3.55,88.93,14.73,11,8.4,0,70.74,80.01,61.47,199.29,182.14,35.14,51.5,61.39,NA,14.64,6.38,11,2.69,73.59,6.09,991.16,1011.58,8.3,1269244.9,19399.9,19.53
7,2011,4505.422435,6511.20684,1162.287546,32510.56467,24050.07335,6341.252821,40564.39063,19.22,17.26,8.09,19.77,8.14,7.5,5.88,462.13,300.73,9.13,5.33,0,0,0,0,0,30.93,5.6,53.47,0,0,0.9,97.8,3.73,3.73,2.43,0,74.6,85.2,63.99,275.71,225,28.8,47.29,62.3,NA,15.01,1.67,10.41,2.58,65.85,5.87,992.92,1013,8.3,1269244.9,19399.9,19.53
6,2011,4332.79681,6481.442049,1097.875098,32016.87457,24887.74262,6104.984592,34853.23958,19.07,17.01,7.87,19.74,9.03,8.85,5.64,161.07,114.73,11.53,6.27,0,0,0,0.07,0,24.53,1.07,45.67,0,0,1.01,90.87,6623.13,40.87,3.27,0,67.47,76.95,57.97,247.14,274.29,33.65,50.57,57.06,NA,14.59,2.95,11.01,2.8,70,6.14,992.57,1012.81,8.2,1269244.9,19399.9,19.53
5,2011,4284.968503,6330.497908,1127.846452,29397.41884,22641.63585,5942.060113,35065.91146,18.3,15.58,7.65,15.88,9.8,9.11,5.43,46.27,43.07,13.87,8.67,0,0,0,0.8,0,14.53,0.2,36.33,0,0,1.48,86.67,6582.33,205.53,5.48,0,59.77,68.87,50.66,244.29,232.14,29.14,39.86,50.74,NA,13.78,4,10.96,3.14,73.3,6.47,994.08,1014.61,8.1,1269244.9,19399.9,19.53
4,2011,4300.827174,6276.486345,1150.251165,31975.16363,22783.83898,5869.911675,36219.23958,17.63,15.09,7.55,13.6,9.38,8.35,5.45,3.07,3.07,15.93,10.67,0.14,0,0,8,0,3.8,0,26.53,0.14,0.39,1.39,78.67,6376.87,530.27,5.63,0.54,47.44,56.45,38.39,212.86,203.57,38.01,53,37.49,30.5,13.94,4.26,13.09,4.1,69.08,7.98,992.13,1013.08,8.1,1269244.9,19399.9,19.53
3,2011,4182.855091,6403.021658,1161.09752,32070.11155,23669.70095,6455.773655,36710.32031,17.58,14.8,7.89,12.73,9.87,8.72,5.51,0,0,11,7.07,9,2.29,0.8,22.53,4.67,0.4,0,7.13,5.57,4.44,1.14,65.67,5846.53,950.2,3.54,9.87,34.29,42.79,25.8,242.14,216.43,33.19,50.07,23.12,69.74,14.73,2.92,12.28,4.16,62.93,7.68,998.66,1020.16,8.1,1269244.9,19399.9,19.53
2,2011,4294.649466,6310.111632,1127.296999,32193.12457,25100.62543,6333.841363,35111.67188,17.45,15.18,8.67,12.27,9.49,7.88,6.71,0,0,12.6,6.8,23.71,7.29,2.07,25.53,11.53,0,0,0.33,13.71,6.5,0.97,57.87,4896.13,1094.4,2.93,25.51,25.91,35.35,16.49,288.57,284.29,39.22,53.43,16.32,208.94,13.47,2.27,13.75,4.03,65.76,8.22,994.37,1016.28,8.2,1269244.9,19399.9,19.53
1,2011,4330.987565,6288.451788,1161.740488,41379.55686,28986.75564,7300.406467,35772.42188,17.25,15.4,8.97,12.05,9.72,8.25,7.76,0,0,14.53,4.93,26.43,9,3.67,29.73,21.4,0,0,-10.07,12.57,8.13,0.58,51.07,3801.73,1338.27,1.92,32.93,21.55,28.78,14.31,194.29,185,32.28,44.5,15.3,160.57,12.66,1.58,11.45,3.19,72.4,6.57,993.42,1015.27,8.3,1269244.9,19399.9,19.53
12,2010,4382.556159,6449.440512,1130.489863,47776.67405,32129.87543,7168.440321,35236.17708,17.72,15.63,8.48,12.09,10.58,8.48,7.07,792.67,0,9.2,4.4,18.29,6.14,0.8,28.93,16.47,0,0,5.27,12,9,1.32,58.73,2463.13,1180.27,2.71,32.04,26.61,32.63,20.61,250,265,39.45,59.43,18.98,184.56,13.73,1.76,12.64,4.47,70.73,7.69,990.71,1012.38,8.4,1269486.5,18993.3,19.39
11,2010,4183.722799,6294.303924,1052.040931,35730.20009,25868.30773,6728.018446,38730.46875,18.25,15.91,8.3,13.88,10.32,9.11,4.89,792.67,0,11,6.67,0.57,0.29,0,16.07,0.6,0,0,21.27,0.29,0.5,0.85,63.4,1282.87,717.87,2.68,0.59,40.95,49.56,32.34,264.29,280,33.07,50.79,31.24,72.56,15.2,1.56,12.33,3.47,68.2,6.96,997.65,1018.71,8.4,1269486.5,18993.3,19.39
10,2010,4201.193893,6397.990148,1103.456348,33491.05165,25955.34939,6506.66428,33764.4974,18.36,16.22,8.71,16.47,10.31,8.74,4.54,792.67,0.4,13.87,8.13,0,0,0,3.2,0,3.87,0,32.2,0,0,1.45,73.67,565.07,422.47,4.22,0,51.37,60.2,42.57,260.71,232.86,32.89,45.07,42.13,NA,15.14,3.27,11.93,3.68,69.69,7.28,991.57,1012.38,8.5,1269486.5,18993.3,19.39
9,2010,3912.882904,6607.05059,1062.907389,33385.68446,22905.25564,6411.674696,38590.72396,20.09,15.97,8.66,18.54,10.03,8.31,4.82,792.27,84.67,12.53,7,0,0,0,0.13,0,19.13,1.4,41.73,0,0,1.69,90.53,142.4,116.47,4.08,0,63.94,73.15,54.71,226.43,224.29,30.04,48.21,54.45,NA,14.79,1.82,11.21,3.37,71.35,6.85,993.94,1014.54,8.5,1269486.5,18993.3,19.39
8,2010,4522.817201,6647.826606,1171.070202,32258.57509,23734.83898,6435.971571,36056.9375,19.35,17.13,9.12,20.17,9.67,7.5,5.38,707.53,207.2,10.07,6,0,0,0,0,0,29.2,3,50.13,0,0,1.57,91.13,25.73,15.4,3.39,0,71.24,80.78,61.72,204.29,257.14,25.96,44.29,60.98,NA,14.8,2.19,10.07,2.89,70.55,5.97,994.96,1015.21,8.5,1269486.5,18993.3,19.39
7,2010,4777.892435,6728.00684,1144.977546,32302.56467,23203.07335,6632.252821,40277.39063,20.11,18.32,9.51,20,9.68,7.66,5.69,500.13,304.27,9.73,5.6,0,0,0,0,0,30.53,6.67,49.87,0,0,1.33,96.53,10.27,10.27,3.59,0,74.57,84.65,64.46,281.43,255.71,30.16,44.71,62.87,NA,14.79,2.16,10.27,2.85,68.12,6.06,994.07,1014.29,8.5,1269486.5,18993.3,19.39
6,2010,4408.87681,6544.602049,1122.695098,31621.87457,23262.74262,6320.984592,36407.23958,19.41,17.56,9.22,18.42,10.14,7.7,5.71,195.93,139.73,14.27,8.6,0,0,0,0,0,25.07,1.47,45.73,0,0,1.16,88.67,6072.73,49.07,4.32,0,68.03,77.49,58.58,259.29,232.14,30.45,47.64,58.37,NA,14.38,2.67,10.79,3.12,71.7,6.55,991.87,1012.4,8.5,1269486.5,18993.3,19.39
5,2010,4137.348503,6447.077908,1141.666452,30200.41884,24341.63585,5958.060113,34458.91146,19.21,16.39,8.95,15.82,10.33,8.16,5.24,56,52.53,11,5.67,0,0,0,1.93,0,20.07,0.8,31.47,0,0.07,0.81,90.8,6023.53,192.67,2.32,0.09,60.48,71.83,49.12,250.71,228.57,38.01,53.5,48.08,NA,15.27,1.54,11.51,3.11,63.1,6.63,995.07,1015.69,8.6,1269486.5,18993.3,19.39
4,2010,3972.017174,6189.116345,1128.921165,24639.16363,20526.83898,5136.911675,34602.23958,18.92,15.57,8.53,15.08,10.96,8.26,5.09,3.33,3.33,9.14,5,0,0,0,3.87,0,7.2,0.07,31,0,0.03,0.77,85.4,5830.6,408.33,2.15,0.03,51.51,62.97,40.05,277.14,293.57,32.35,46.64,35.96,NA,15.33,1.44,11.43,3.43,56.34,6.95,992.55,1013.32,8.7,1269486.5,18993.3,19.39
3,2010,4059.585091,6253.231658,1157.73752,23257.11155,19130.70095,5632.773655,30194.32031,17.55,15.17,8.2,13.6,11.77,8.92,6.01,0,0,10.53,6.6,6.71,0,0,14.53,0.6,0.67,0,19.47,7.57,0.13,1.28,66.8,5422.2,743.33,4.3,0.14,41.01,49.62,32.42,137.86,102.86,34.66,49.43,28.72,132.26,14.89,2.82,11.72,3.91,62.89,7.08,992.33,1013.52,8.8,1269486.5,18993.3,19.39
2,2010,4103.809466,6312.571632,1111.666999,31017.12457,22452.62543,5881.841363,33482.67188,18.05,15.54,8.79,13.01,11.55,8.88,7.42,0,0,10.2,4.93,22,5.86,0.47,25.8,12.2,0,0,7.4,11.71,8.33,0.99,41.8,4678.93,1051.33,2.56,25.34,27.27,32.97,21.57,264.29,199.29,31.66,50.14,19.13,149.8,13.08,1.62,11.8,4.1,70.84,7.32,988.36,1010.32,8.8,1269486.5,18993.3,19.39
1,2010,4282.937565,6404.461788,1152.840488,34809.55686,23877.75564,6661.406467,33686.42188,17.3,15.5,8.84,12.97,11.85,9.06,8.32,0,0,10,3.4,17.57,6.43,2.53,28.27,15.13,0,0,0.07,10.43,7.53,0.85,53.93,3627.47,1215.47,1.75,27.9,25.37,32.21,18.51,230.71,221.43,35.78,51.36,17.27,96.4,13.31,1.17,12.41,3.85,70.49,7.14,993.69,1015.36,8.9,1269486.5,18993.3,19.39
12,2009,4214.676159,6384.670512,1147.529863,35304.67405,22770.87543,6869.440321,33113.17708,17.51,15.4,8.44,14.02,10.81,8.56,7.08,438.57,0,13.87,8.27,11.86,4.43,1,26,12.47,0,0,4,9,7.46,1.03,58.93,2411.73,1106.4,4.12,20.16,29.11,35.87,22.36,262.86,245,35.51,56.43,20.36,118.93,14.04,2.96,12.88,4.07,68.88,7.55,996,1017.81,8.9,1223229.4,16303.3,19.31
11,2009,4137.042799,6278.073924,1108.690931,29198.20009,21149.30773,5796.018446,33394.46875,16.82,14.62,8.51,14.97,10.32,8.81,5.13,438.57,0,10.07,4.93,0,0,0,10.8,0,0.2,0,24.07,0,0.04,0.73,67.93,1305.53,612.33,1.92,0.04,44.47,52.97,35.99,265,298.57,31.39,43.86,36.29,30.5,14.93,1.51,11.32,3.07,71.54,6.07,998.49,1019.66,8.9,1223229.4,16303.3,19.31
10,2009,4090.493893,6184.770148,1133.776348,36331.05165,24001.34939,6295.66428,29065.4974,18.17,15.84,8.46,14.71,9.23,8.7,5.09,438.57,0.4,14.2,8,0,0,0,5.53,0,1.27,0,28.33,0,0,1.12,70.07,693.2,494.67,3.93,0,49.05,56.99,41.11,261.43,265.71,33.28,47.5,41.07,30.5,14.81,3.07,11.69,3.19,72.95,6.43,995.77,1016.8,8.8,1223229.4,16303.3,19.31
9,2009,3798.982904,6133.54059,1166.817389,33713.68446,22325.25564,5694.674696,25938.72396,18.78,16.48,9.05,17.74,9.2,9.12,3.83,438.07,27.4,9.4,4.6,0,0,0,0.47,0,19.07,0,39.13,0,0,1.11,81,198.47,146.27,2.57,0,61.03,71.09,50.98,247.14,237.14,28.2,39.64,52.43,NA,14.99,1.84,10.43,2.64,72.99,5.49,998.42,1019.21,8.8,1223229.4,16303.3,19.31
8,2009,3888.107201,6324.526606,1009.160202,33705.57509,22657.83898,5993.971571,32351.9375,18.19,16.41,9.32,17.81,8.46,7.71,4.2,409,201.8,13.2,6.6,0,0,0,0,0,28.53,1.67,49.33,0,0,1.2,89.93,51.93,24.93,3.39,0,70.72,79.69,61.73,250,267.86,29.11,42.43,62.07,NA,14.13,3.09,10.2,2.44,74.64,5.55,995.53,1015.8,8.7,1223229.4,16303.3,19.31
7,2009,3423.652435,5988.59684,1113.237546,33201.56467,23349.07335,5609.252821,21610.39063,18.65,16.46,9.1,18.24,8.78,7.68,4.63,202.21,118.47,15.53,9.73,0,0,0,0,0,28.27,0.07,49.87,0,0,1.36,85.2,27,27,5.1,0,67.97,76.81,59.14,260,254.29,29.82,43.57,58.83,NA,14.4,3.93,10.6,2.75,73.07,6.02,992.92,1013.3,8.5,1223229.4,16303.3,19.31
6,2009,3739.10681,6033.572049,1083.455098,33133.87457,24068.74262,5994.984592,25917.23958,18.21,16.05,8.23,16.82,8.72,8.71,4.77,80.14,57.93,15.53,10,0,0,0,0.2,0,20.87,0.07,39.67,0,0,1.47,84.73,6494.54,84.13,5.68,0,64.13,73.02,55.25,251.43,214.29,28.7,39.21,55.36,NA,14.32,4.35,10.53,2.56,74.34,5.66,990.92,1011.42,8.4,1223229.4,16303.3,19.31
5,2009,4199.528503,6363.097908,1073.956452,31285.41884,23455.63585,5947.060113,31173.91146,16.87,14.76,8.25,15.13,9.22,8.62,4.72,21,8.53,14.27,8.87,0,0,0,1.4,0,12.07,0.07,33.73,0,0,0.99,82.93,6416,257.47,3.92,0,56.99,67.13,46.8,252.14,235,33.24,47.21,45.12,NA,14.38,3.26,11.31,3.31,64.88,6.78,996,1016.69,8.3,1223229.4,16303.3,19.31
4,2009,4135.087174,6343.086345,1146.761165,34916.16363,23894.83898,5659.911675,35716.23958,16.5,14.01,7.4,14.19,10.19,9.31,4.74,12,11.67,11.67,7.07,0.57,0.29,0,8.8,0.4,5.07,0.47,25.4,0.43,0.53,0.81,87.33,6169.77,521.87,2.81,0.77,47.93,58.26,37.62,220.71,243.57,33.13,45.21,33.56,30.5,14.94,2.25,12.21,4.15,57.72,7.86,993.56,1014.57,8.1,1223229.4,16303.3,19.31
3,2009,4111.365091,6281.191658,1130.51752,31914.11155,23911.70095,5863.773655,34177.32031,16.39,14.33,7.57,14.63,11.64,10.31,5.38,0,0,8.93,5.6,2,0.71,0.33,22,5,0,0,5.53,2.71,2.63,0.84,64.6,5659.77,909.67,2.22,3.83,35.64,45.25,26.05,240.71,276.92,34.13,55.71,23.17,91.75,14.53,1.84,11.61,3.59,60.86,6.86,1000.01,1021.45,7.8,1223229.4,16303.3,19.31
2,2009,4133.769466,6399.421632,1141.506999,31438.12457,22852.62543,5711.841363,33839.67188,16.75,15.12,8.02,14.84,12.09,10.54,6.55,0,0,8.53,3.47,12.86,2.86,1.6,25.6,9,0,0,-0.2,7.71,4.14,0.5,55.6,4769.62,1029.6,1.3,9.51,28.21,37.23,19.23,255.71,250,36.79,49.71,18.11,85.01,14.34,1.08,12.91,4.16,64.27,7.71,995.47,1017.1,7.5,1223229.4,16303.3,19.31
1,2009,4374.037565,6632.561788,1161.190488,40724.55686,26324.75564,6731.406467,32053.42188,16.86,15.67,7.95,15.46,12.7,11.36,8.6,0,0,11.67,4.27,25,7.29,3.5,30.64,20.93,0,0,-5.29,8.71,5.94,0.79,43.07,3769.08,1390.71,1.92,25.37,20.05,27.69,12.4,266.43,281.43,32.29,42.21,10.95,132.5,13.23,1.51,12.24,3.7,68.29,7.2,994.23,1016.36,7.1,1223229.4,16303.3,19.31
12,2008,4240.086159,6633.980512,1161.169863,36117.67405,24463.87543,6529.440321,32144.17708,16.63,14.83,7.99,16.26,12.87,12.81,8.52,604.38,0,17.67,9.73,14.57,7,1.87,26.33,11.13,0,0,3.6,11.71,8.76,1.25,60.33,2438.07,1081.27,4.54,32.99,30.11,38.27,21.95,255.71,253.57,43.09,62.14,22.12,106.96,13.06,3.07,13.31,4.42,71.07,8.36,996.82,1018.28,6.7,1175470.9,17676.2,19.21
11,2008,4118.552799,6488.543924,1206.850931,34652.20009,24308.30773,7030.018446,34237.46875,16.97,15.37,8.26,16.48,12.43,12.69,7.99,604.38,0,12.8,6.6,2.86,2.29,0,15.13,3.73,0.27,0,15.13,2.43,2.21,0.8,67.67,1376.64,755.8,2.48,6.2,39.65,46.9,32.4,235,235,29.04,37.93,31.51,95.26,13.97,1.5,11.06,3.34,71.64,6.49,995.31,1016.59,6.3,1175470.9,17676.2,19.21
10,2008,4085.363893,6390.900148,1204.146348,34710.05165,24004.34939,6574.66428,35453.4974,17.58,16.28,9.37,18.42,12.26,12.56,7.97,604.38,1,10.27,6,0,0,0,6.67,0.2,4.67,0,26.33,0,0.11,1.36,75.8,625.79,486.33,3.54,0.11,49.35,59.27,39.45,192.14,176.43,31.94,43.29,39.36,129.27,15.19,2.43,11.89,3.25,68.91,6.57,998.89,1020.19,6,1175470.9,17676.2,19.21
9,2008,3910.742904,6388.09059,1214.227389,33525.68446,23480.25564,6638.674696,32178.72396,19.5,18.05,9.95,21.66,11.76,11.37,8.93,603,72.87,12,6.67,0,0,0,0.53,0,19.4,0.4,40.67,0,0,1.6,87.67,147.5,115.33,4.25,0,63.59,73.16,54,215,240.71,34.04,55.71,54.92,NA,14.31,2.7,10.82,2.68,73.92,5.64,999.18,1019.73,5.7,1175470.9,17676.2,19.21
8,2008,3913.417201,6383.056606,1127.680202,33009.57509,23339.83898,6523.971571,25629.9375,20.93,18.89,10.58,24.2,13.26,13.3,10.1,525.85,118.53,13.53,7.53,0,0,0,0,0,28.6,0.07,48,0,0,1.06,86.67,37.14,30.6,3.48,0,67.83,77.81,57.85,277.14,287.14,26.46,39.07,57.5,NA,15.2,2.52,9.98,2.47,70.45,5.59,993.95,1014.07,5.5,1175470.9,17676.2,19.21
7,2008,4191.202435,6494.27684,1220.457546,32908.56467,23795.07335,6508.252821,34988.39063,19.75,19.87,10.81,24.96,15.22,12.68,13.45,400.85,232.93,12.27,7.73,0,0,0,0,0,30.36,1.79,53.93,0,0,1.27,90,8.07,8.07,3.92,0,72.3,81.76,62.83,252.31,239.23,27.08,37.77,61.72,NA,13.68,2.67,10.51,2.78,70.59,5.96,993.48,1013.52,5.4,1175470.9,17676.2,19.21
6,2008,4283.36681,6583.042049,1210.365098,33450.87457,25812.74262,6676.984592,39329.23958,19.41,18.75,9.81,22.88,14.58,14.82,14.25,159.43,152.47,15.87,9.87,0,0,0,0,0,26,2.33,49.67,0,0,0.95,92.8,6260.86,35.6,3.77,0,68.89,78.35,59.41,275.71,285.71,31.77,42.64,58.35,NA,14.16,2.43,11,3.11,69.84,6.6,992.56,1012.77,5.2,1175470.9,17676.2,19.21
5,2008,4003.558503,6340.767908,1300.806452,32958.41884,24967.63585,6672.060113,31311.91146,18.74,16.59,9.56,19.95,13.98,13.1,12.45,5.36,2.8,14.27,7,0,0,0,2.27,0,10.47,0,30.6,0,0,0.82,79.2,6225.43,328.87,2.59,0,54.48,65.43,43.55,242.86,252.14,29.99,40.21,40.98,NA,15.21,1.41,11.4,3.65,61.01,7.13,990.26,1011,5.1,1175470.9,17676.2,19.21
4,2008,4067.237174,6373.856345,1213.231165,32183.16363,25475.83898,6471.911675,33920.23958,18.05,16.02,9.15,16.76,12.79,11.83,11.15,2.43,2.43,9.87,5,0,0,0,6.64,0.07,7.8,0,22.71,0,0,1.04,81.67,5900.57,447.71,2.56,0,50.16,61.23,39.11,247.14,267.14,33.59,44.29,34.99,30.5,15.07,1.84,11.37,3.69,57.27,7.01,997.29,1018.34,5,1175470.9,17676.2,19.21
3,2008,4098.045091,6579.001658,1242.49752,33104.11155,24465.70095,7058.773655,33125.32031,16.93,15.08,8.69,15.21,12.84,12.07,10.7,0,0,14.27,8.2,10.71,3.71,0.79,24.43,4,0,0,13.21,8,6.06,1.23,58.87,5452.71,972.71,4.29,14.03,33.61,41.93,25.04,194.29,235,36.26,48.36,22.22,117.58,13.93,2.55,12.74,4.28,63.66,7.91,996.29,1018.02,4.9,1175470.9,17676.2,19.21
2,2008,4062.229466,6440.921632,1303.396999,29918.12457,24065.62543,6957.841363,33282.67188,17.32,15.13,9.38,14.91,12.3,11.28,10.84,0,0,15.2,8.33,15.86,6.14,2.21,26.29,10.67,0,0,-1.14,5.29,5.47,1.46,57.13,4480.07,1094.43,4.52,18.39,27.26,35.47,18.88,263.57,237.14,35.79,47.79,19.61,82.04,12.42,2.8,12.84,4.23,71.52,7.88,994.12,1016.11,4.9,1175470.9,17676.2,19.21
1,2008,4060.137565,6319.161788,1280.490488,27658.55686,21969.75564,6324.406467,33784.42188,16.87,15.48,8.94,14.99,12.24,11.59,10.91,0,0,13.13,4.87,11,3.43,1.93,25.36,10.87,0.07,0,0.43,3.71,2.33,0.55,63,3385.71,1109.43,1.69,9.27,29.14,36.93,21.32,252.86,260.71,39.99,54.79,19.96,64.31,14.01,1.13,12.9,4.16,66.54,7.7,997.14,1019.06,4.8,1175470.9,17676.2,19.21
12,2007,4241.746159,6192.010512,1677.099863,37852.67405,25152.87543,7508.440321,35183.17708,16.66,15.73,9.44,14.83,12.21,10.97,9.52,671.54,0,17.47,8.93,16.71,6,0.93,26.29,8.71,0,0,7.79,9.43,7.46,0.81,53.79,2276.14,1093.36,3.99,27.77,29.56,36.13,23.01,240,227.14,36.73,57.5,22.45,87.1,12.92,3.03,12.66,3.76,72.39,7.12,1000.18,1020.16,4.8,1202725.8,17192.3,19.13
11,2007,4285.242799,6324.803924,1693.080931,33604.20009,23115.30773,6914.018446,32861.46875,16.94,15.48,8.21,16.04,11.98,12.02,8.19,671.54,0,14.47,7.53,0.57,0.71,0,16.21,1.36,0,0,16.79,0.86,0.91,1.06,62.43,1182.79,772.57,3.37,1.9,38.92,46.85,30.99,231.43,241.43,33.1,43.43,29.96,53.2,14.19,2.76,12.12,3.53,68.71,6.81,997.23,1018.01,4.8,1202725.8,17192.3,19.13
10,2007,4361.663893,6513.920148,1735.826348,28594.05165,21418.34939,6360.66428,37069.4974,17.48,15.83,8.97,18.64,10.83,11.23,7.55,671.54,34.14,11.93,7.47,0,0,0,2.33,0,12.87,0.07,30,0,0,1.29,85,410.07,263.07,3.73,0,57.63,66.91,48.35,266.43,287.86,29.19,40.43,48.28,NA,13.94,2.85,11.18,3.07,72.09,6.21,999.41,1018.26,4.8,1202725.8,17192.3,19.13
9,2007,4075.692904,6217.83059,1700.977389,32655.68446,22782.25564,6596.674696,34888.72396,17.15,16.8,7.38,18.53,9.84,9.71,6.8,634.92,79.79,9.07,4.64,0,0,0,0.57,0,23.5,1.14,40.5,0,0,1.01,89,147.07,97.07,2.37,0,64.43,75.37,53.48,272.86,270.71,27.95,38.07,53.82,NA,14.68,1.88,10.78,2.75,68.32,5.82,1000.98,1019.83,4.7,1202725.8,17192.3,19.13
8,2007,4012.527201,5995.106606,1755.520202,34094.57509,23547.83898,6529.971571,38006.9375,17.96,17.2,9.39,18.94,10.2,11.63,7.49,552.31,194.93,10.8,4.73,0,0,0,0.14,0,28.07,3.13,48.14,0,0,1.07,92.6,49.93,31.64,2.48,0,70.25,80.14,60.44,257.14,270.71,30.17,47.79,59.77,NA,14.03,2.19,10.83,2.7,69.61,5.78,995.16,1015.61,4.7,1202725.8,17192.3,19.13
7,2007,4181.082435,5988.19684,1775.097546,33002.56467,23347.07335,6206.252821,30011.39063,17.27,16.95,9.18,19.95,10.72,11.19,7.68,351.23,172.36,13.33,7.87,0,0,0,0,0,29.13,1,50,0,0,1.75,90.27,18.21,18.21,4.91,0,70.06,79.69,60.44,245,253.57,27.58,39,59.03,NA,13.76,3.48,10.48,2.78,69.12,6.02,995.28,1014.69,4.6,1202725.8,17192.3,19.13
6,2007,4282.08681,6292.372049,1695.185098,32759.87457,25278.74262,6233.984592,35454.23958,18.17,16.64,8.65,19.59,11.62,11.52,8.52,172.85,127.54,9.57,5.71,0,0,0,0.14,0,25.5,1.71,42.86,0,0,1.07,90.93,6018.58,47.31,2.94,0,67.79,78.81,56.78,266.92,275.38,31.16,42.69,55.47,NA,14.4,2.5,10.93,3.08,65.3,6.52,996,1014.66,4.5,1202725.8,17192.3,19.13
5,2007,4340.568503,6179.187908,1800.836452,33465.41884,25137.63585,6299.060113,34878.91146,17.5,16.05,8.33,17.33,11.07,11.17,8.62,45.54,44.15,8.21,4.29,0,0,0,1.62,0,16.07,0.21,34.23,0,0,0.51,87.86,5981.67,232,1.55,0,58.92,70.86,46.99,231.54,241.54,29.57,39,42.52,NA,15.22,1.09,10.64,3.11,55.69,6.26,1000.09,1020.1,4.5,1202725.8,17192.3,19.13
4,2007,4149.017174,6198.886345,1648.771165,39362.16363,27898.83898,6352.911675,33935.23958,17.14,15.08,8.91,15.47,12.15,11.76,8.69,1.07,1.07,14.93,8.27,2.14,1,0,10.14,1.4,4.13,0,21.21,1,1.53,1.83,80.6,5875.08,617,5.41,3.53,44.41,52.98,35.87,206.43,200.71,34.35,60.86,31.9,46.73,14.12,3.6,12.27,4.13,64.32,7.62,991.83,1012.32,4.4,1202725.8,17192.3,19.13
3,2007,4184.295091,6254.581658,1601.26752,36087.11155,26070.70095,6648.773655,35639.32031,16.83,14.68,9.44,15.08,12.77,12.18,8.65,0,0,13.8,5.67,13,2.86,2.21,22.29,6.14,0.71,0,-2.36,7.14,5.41,1.27,69.5,5275.92,966.14,3.27,11.21,33.82,43.64,24.04,287.86,285,34.76,45.43,21.24,105.12,14.01,2.51,12.56,4.23,60.26,7.86,998.76,1020.75,4.3,1202725.8,17192.3,19.13
2,2007,4191.129466,6124.621632,1627.856999,38111.12457,24678.62543,5753.841363,29789.67188,15.89,15.56,7.16,14.43,12.39,11.69,8.86,0,0,9.93,4.47,20.43,7.43,3.21,27.57,18.33,0,0,-2.57,11.43,9.3,0.6,43.6,4336,1250.64,1.45,30.17,20.34,27.81,12.7,247.86,223.57,32.71,51.29,9.43,151.99,13.46,1.2,13.05,4.63,61.79,8.07,992.1,1013.94,4.3,1202725.8,17192.3,19.13
1,2007,3936.377565,6044.581788,1501.060488,20668.55686,16600.75564,5868.406467,30541.42188,16.09,14.46,9.62,15.24,12.09,11.42,7.68,0,0,16.07,6.33,9.71,4.71,3.07,23.64,11.71,0.29,0,-2.86,4.29,3.93,1.12,63.36,3110.38,1118.86,3.24,15.46,28.91,36.66,21.16,275,270.71,33.64,44.07,21.38,58.93,13.57,2.4,12.54,3.9,70.64,7.43,995.93,1017.11,4.2,1202725.8,17192.3,19.13
12,2006,3987.736159,6331.600512,1353.289863,19890.67405,16704.87543,5830.440321,29148.17708,15.88,14.71,9.27,14.97,12.75,12.18,8.48,639.86,0,12,5.88,2.29,1.43,0.13,19.6,3.13,0.07,0,11.2,2.14,2.31,0.93,60.93,2050.71,872.93,2.56,4.17,36.71,44.1,29.34,222.67,217.33,36.12,48.13,27.64,50.45,14.41,1.99,12,3.95,67.75,7.28,999.1,1020.61,4.2,1199903.8,17545.4,19.1
11,2006,4114.692799,6606.803924,1217.250931,28907.20009,20333.30773,6410.018446,29889.46875,16.33,14.95,9.05,14.75,11.05,11.1,8.28,639.86,0,11.31,6.63,0.14,0.14,0,9.87,0.25,0.25,0,23.33,0.14,0.44,1.33,67.69,1198.43,595.13,3.55,0.44,45.15,52.61,37.57,183.33,191.33,29.26,38.93,37.19,30.5,13.69,2.78,11.05,3.03,74.16,5.89,998.09,1019.33,4.3,1199903.8,17545.4,19.1
10,2006,4145.633893,6217.360148,1185.936348,34546.05165,22862.34939,6946.66428,36072.4974,17.22,15.98,9.54,13.37,9.58,8.55,5.95,639.86,1.13,13.31,8.69,0.29,0.43,0,5.67,0,3.75,0,27.6,0.57,2.4,1.44,74.63,618.21,473.13,5.26,3.73,49.62,58.45,40.71,248,254,35.38,47.67,40.81,65.96,14.52,4.04,12.15,3.63,70.41,7.05,993.63,1014.17,4.3,1199903.8,17545.4,19.1
9,2006,3824.292904,6094.64059,1141.377389,32786.68446,23363.25564,6582.674696,30574.72396,17.92,16.6,10.02,18.43,10.15,9.14,6.62,638.57,25.53,13.94,7.19,0,0,0,0.6,0,14.06,0,37.93,0,0,1.29,81,159.21,151,3.6,0,60.81,69.43,52.11,192,171.33,30.25,40.73,53.02,NA,13.95,2.73,10.54,2.89,74.97,5.97,994.71,1015.76,4.4,1199903.8,17545.4,19.1
8,2006,4315.267201,6406.376606,1265.660202,32333.57509,23464.83898,6688.971571,35988.9375,17.74,17.27,9.88,18.91,9.97,9.39,8.1,611.14,186.14,11.5,7.06,0,0,0,0,0,29.2,2.67,49.14,0,0,1.39,95.07,21.71,20.07,3.89,0,70.36,79.53,61.1,229.29,244.62,25.99,45.79,59.31,NA,14.48,3.32,9.75,2.84,68.9,5.7,995.96,1015.85,4.5,1199903.8,17545.4,19.1
7,2006,4082.982435,6585.84684,1291.877546,33052.56467,23384.07335,6758.252821,40373.39063,17.56,16.76,9.83,18.04,9.44,8.63,7.2,403.93,267.73,12.19,6.94,0,0,0,0,0,30.56,2.88,54.67,0,0,1.89,92.19,3.73,3.73,5.16,0,73.51,82.78,64.29,242,248,30.14,40.93,63.83,NA,13.73,3.86,10.4,2.95,71.89,6.14,995.17,1014.93,4.6,1199903.8,17545.4,19.1
6,2006,4032.85681,6405.332049,1239.875098,33237.87457,24370.74262,6508.984592,35588.23958,17.33,16.1,9.14,16.69,10.03,7.57,7.35,136.2,106.88,14.81,9.81,0,0,0,0,0,23.5,0.75,47,0,0,1.4,89,6055.4,58.75,5.32,0,66.63,75.29,57.96,240,251.33,28.87,37.8,57.22,NA,13.71,4.56,10.81,3.09,73.18,6.15,993.39,1013.97,4.7,1199903.8,17545.4,19.1
5,2006,3960.638503,6318.687908,1269.176452,31608.41884,23144.63585,6678.060113,34504.91146,16.56,14.8,9.12,16.09,11.11,9.73,7.52,27.33,27.33,13.44,7.06,0,0,0,0.93,0,12.81,0.5,34.2,0,0,1.25,87.69,5995.33,247.27,3.57,0,57.91,67.84,48.07,240.67,230.67,30.98,39.93,45.74,NA,14.36,2.67,11.18,3.38,66.02,6.72,991.57,1011.66,4.7,1199903.8,17545.4,19.1
4,2006,3984.247174,6424.466345,1184.301165,31175.16363,23746.83898,6051.911675,32423.23958,16.36,14.45,9.18,14.58,11.31,9.96,7.93,0,0,11.31,7.06,0,0.14,0,9.13,0.13,5,0,25.27,0,0.21,1.64,76.81,5748,507.8,3.82,0.23,48.07,59.11,36.96,230,226.67,31.07,40.4,33.8,30.5,15.05,2.81,11.37,3.87,58.52,7.37,994.1,1014.52,4.7,1199903.8,17545.4,19.1
3,2006,4074.455091,6253.641658,1390.05752,31256.11155,22561.70095,6454.773655,32886.32031,15.89,14.26,8.49,13.99,12.14,11.01,7.95,0,0,7.56,2.94,5.43,1.43,0.2,22.6,6.44,0.94,0,11.93,3,2.59,0.67,73.56,5240,914.33,1.34,5.14,35.4,44.19,26.6,271.33,272,34.39,46.07,22.04,51.54,14.66,0.99,12.37,4.1,59.26,7.46,994.98,1015.75,4.7,1199903.8,17545.4,19.1
2,2006,3932.749466,6109.551632,1173.246999,26187.12457,19413.62543,7384.841363,26493.67188,16.66,14.94,9.43,15.11,13.39,11.86,9.15,0,0,12,4.38,11.14,6.14,1.6,25.13,11.63,0,0,3.47,8.29,7.86,0.59,57.5,4325.47,1051.6,1.63,21.21,27.45,35.61,19.29,247.33,247.33,41.13,55.33,17.32,122.66,13.82,1.46,13.4,4.54,63.47,8.41,992.43,1014.35,4.8,1199903.8,17545.4,19.1
1,2006,3971.197565,6274.261788,1264.380488,21472.55686,16621.75564,5533.406467,24095.42188,16.61,14.53,9.76,16.61,15.22,12.55,11.74,0,0,14.81,7.88,8.86,2.86,0.93,24,5.56,0,0,5.13,3.14,3.63,1.05,58.94,3273.8,988.8,3.49,8.7,32.95,41.17,24.86,252.67,238.67,37.51,50.4,26.09,51.5,13.11,2.7,12.8,3.86,74.11,7.35,993.78,1014.72,4.8,1199903.8,17545.4,19.1
12,2005,4194.796159,6522.900512,1646.449863,30835.67405,22549.87543,6091.440321,22346.17708,16.53,14.83,8.55,17.44,15.1,14.16,12.17,802.07,0,12.75,6.19,17.71,6.14,2.06,27.19,13.88,0,0,-1.31,5.43,4.93,0.78,46.63,2285.07,1149.2,2.54,19.19,27.32,33.79,20.88,258.67,245.33,31.79,42.2,20.32,69.39,13.38,2.02,12.02,3.77,72.49,7.08,998.41,1015.42,4.9,1171051,17521.1,19.13
11,2005,4212.622799,6297.913924,1612.330931,25764.20009,19144.30773,5833.018446,21534.46875,17.57,14.81,8.66,20.21,16.37,14.74,12.06,802.07,0,12.88,7.19,3.14,2.14,0.13,13,2.6,1.13,0,14.88,3,2.76,1.16,70.47,1135.8,654.13,4.16,6.2,42.87,52.25,33.4,247.33,236,35.52,46.87,33.78,49.49,14.52,3.28,13.11,4.09,68.16,7.73,999.19,1015.95,5,1171051,17521.1,19.13
10,2005,4348.883893,6568.230148,1669.746348,30280.05165,21155.34939,6422.66428,21113.4974,17.36,15.72,9.67,22.24,15.51,12.87,13.58,802.07,12.07,14.94,8.63,0,0,0,2.33,0,8.06,0,30.6,0,0.01,3.05,79.88,481.47,389.53,9.3,0.01,52.69,60.24,45.09,210.67,232.67,31.47,53.27,45.56,NA,13.31,6.74,12.06,3.43,77.81,6.33,999.9,1016.6,5,1171051,17521.1,19.13
9,2005,4530.832904,6535.66059,1695.447389,32680.68446,22966.25564,6880.674696,26080.72396,16.69,15.9,9.65,20.78,12.28,10.3,12.19,789.73,92.63,9.06,4.88,0,0,0,0.19,0,24.88,0.56,40.94,0,0,1.14,87.63,92,71.63,2.7,0,65.77,76.6,54.9,230,218,33.09,51.47,55.82,NA,14.3,2.19,10.67,2.99,69.18,5.91,1002.29,1018.52,5.1,1171051,17521.1,19.13
8,2005,4454.067201,6523.156606,1557.120202,33549.57509,23453.83898,6669.971571,28865.9375,16.16,15.79,9.95,18.48,10.29,9.67,9.36,693.47,256.07,9.81,5.25,0,0,0,0,0,30.06,4.19,52,0,0,1.53,92.63,18.67,10.4,3.43,0,72.97,82.79,63.24,164,172.67,28.75,48.2,62.72,NA,13.69,2.35,9.89,2.69,70.88,5.66,999.85,1015.97,5,1171051,17521.1,19.13
7,2005,4256.332435,6482.54684,1738.197546,33838.56467,23627.07335,6628.252821,28919.39063,15.63,15.37,8.54,17.62,9.55,9.29,8.11,437.47,249.69,10.75,5.75,0,0,0,0,0,30.19,4.31,52.19,0,0,1.38,92.31,7.81,7.81,3.5,0,72.93,82.78,63.08,214.67,214.29,31.05,42.33,63.2,NA,13.51,2.18,9.99,2.76,71.98,5.61,999.4,1015.66,5,1171051,17521.1,19.13
6,2005,4116.15681,6366.862049,1670.425098,35573.87457,24163.74262,6735.984592,30280.23958,15.58,14.79,7.52,16.16,10.02,9.96,7.58,188.27,186.19,11.25,6.56,0,0,0,0,0,26.38,3.81,47.19,0,0,1.06,92.75,6796.4,31.38,2.84,0,70.28,80.39,60.18,239.33,243.33,29.59,37.67,60.68,NA,13.27,2.34,10.49,2.89,72.5,5.9,998.76,1014.72,4.9,1171051,17521.1,19.13
5,2005,3980.528503,6183.607908,1661.716452,38969.41884,24754.63585,7359.060113,24745.91146,15.36,13.53,7.25,14.49,10.32,9.92,7.31,2.07,1.73,11.56,4.5,0,0,0,2.69,0,7.5,0,30.94,0,0,0.48,80.81,6763.4,368.27,1.33,0,53.18,63.41,42.95,182.67,246,29.08,36.87,41.49,NA,15.31,1.33,10.72,3.39,64.23,6.54,998.81,1015.12,4.9,1171051,17521.1,19.13
4,2005,4119.647174,6308.196345,1683.941165,39658.16363,26430.83898,7037.911675,25928.23958,14.64,12.91,7.24,13.45,10.63,10.18,7.83,0.33,0.33,11.81,7.94,1.14,0.71,0,8.33,0.06,4,0,27.47,1.57,1.67,1.41,79.5,6395,516.6,4.54,2.83,47.75,58.82,36.58,188,167.33,32.65,42.2,33.46,69.31,14.7,3.24,11.41,3.79,58.6,7.17,997.16,1013.65,5,1171051,17521.1,19.13
3,2005,4180.855091,6399.341658,1688.19752,40561.11155,25202.70095,6956.773655,25306.32031,14.4,12.66,7.41,12.42,10.65,10.01,7.54,0,0,11,4.94,18.14,5.29,1,26.6,7.75,0,0,5.4,12.14,7.16,1.09,61.31,5878.53,1062.67,2.3,19.09,30.63,39.33,21.84,262,258,33.87,43.6,21.57,140.16,13.4,2.01,11.69,3.8,67.67,6.92,994.49,1011.35,5,1171051,17521.1,19.13
2,2005,4041.349466,6267.251632,1662.956999,34740.12457,21503.62543,7276.841363,24473.67188,14.53,12.42,7.01,12.65,10.67,9.9,7.27,0,0,12.56,6.06,22.86,7,2.87,25.6,10.73,0,0,0.2,9,4.33,0.46,52.13,4815.73,1069.07,1.75,20.96,26.71,35.72,17.69,228,213.33,30.16,38.07,18.79,111.87,13.16,1.45,11.52,3.31,69.55,6.35,1003.47,1020.24,5.1,1171051,17521.1,19.13
1,2005,4096.777565,6366.131788,1660.020488,29725.55686,20769.75564,6789.406467,24464.42188,14.05,12.71,7.03,12.8,10.64,9.8,7.75,0,0,15.63,9.25,20.86,8.43,7.07,27.07,18,0,0,-11.07,13.71,8.57,0.75,60.33,3746.8,1336.8,3.21,34.2,21.88,30.07,13.68,184.67,167.33,33.53,43.6,15.82,173.44,12.55,2.51,11.93,3.66,74.16,6.82,1006.55,1023.79,5.1,1171051,17521.1,19.13
12,2004,4063.306159,6278.110512,1647.679863,26137.67405,31694.87543,6222.440321,24093.17708,14.29,12.59,7.13,13.19,11.63,9.52,7.88,462.29,0,15,7.38,9.86,4.43,2.6,25.2,9.2,0,0,-4.13,5.43,5.6,0.93,56.53,2409.8,1105,3.49,13.67,29.12,37.35,20.89,268,254,38.74,50.07,23.13,77.7,13.44,2.44,12.81,4.16,73.62,7.68,NA,1017.26,5.2,1132504.2,18747.2,19.17
11,2004,4074.862799,6233.543924,1686.050931,27691.20009,27833.30773,6486.018446,26068.46875,14.88,12.61,6.86,13.44,10.92,8.72,7.46,462.29,0,11,6.56,0.14,0.29,0,14.93,0.56,0,0,18.6,0.14,0.64,0.87,62.94,1304.6,717.73,3.04,0.89,41.08,49.79,32.44,253.33,266.67,35.11,45.13,32.99,30.5,14.38,2.26,12.49,3.72,70.98,6.89,NA,1019.65,5.3,1132504.2,18747.2,19.17
10,2004,4031.493893,6157.520148,1663.846348,31654.05165,26589.34939,6312.66428,22797.4974,14.93,13.51,7.26,14.41,9.23,7.73,6.72,462.29,0.07,10.31,4.19,0,0,0,3.73,0,3.81,0,31.53,0,0,0.67,74.94,586.87,446.73,1.64,0,50.56,59.51,41.69,259.33,238.67,28.05,41.8,43.94,NA,14.4,1.24,10.85,3.28,75.61,6.14,NA,1017.21,5.4,1132504.2,18747.2,19.17
9,2004,3951.262904,5993.75059,1644.927389,33020.68446,26806.25564,6512.674696,27142.72396,15.1,14.27,7.3,16.22,8.88,7.77,5.72,462.21,52.33,8.5,4.31,0,0,0,0.33,0,22.69,0,40.53,0,0,2.48,82.81,140.07,89.07,5.29,0,63.77,73.51,54.15,96,138.67,27.06,40.8,56.95,NA,13.99,3.98,10.74,2.95,78.09,5.67,NA,1020.65,5.5,1132504.2,18747.2,19.17
8,2004,3488.637201,5887.376606,1712.330202,33380.57509,25678.83898,6232.971571,14190.9375,15.32,14.45,7.28,16.89,9.35,7.86,6.27,407.29,133.67,14,8.94,0,0,0,0,0,27.25,0,47.47,0,0,1.46,86.13,51,38.6,4.97,0,68.07,76.59,59.47,209.33,232.67,26.05,41.87,62.06,NA,13.17,3.26,9.98,2.88,80.09,5.76,NA,1016.27,5.6,1132504.2,18747.2,19.17
7,2004,3522.072435,6059.42684,1764.287546,33448.56467,27139.07335,6408.252821,10055.39063,15.36,14.46,7.34,16.29,9.47,7.38,6.6,268.21,155.27,14.88,9,0,0,0,0,0,28.63,0.06,52.87,0,0,1.64,86.44,12.33,12.33,5.25,0,69.63,78.01,61.17,234.67,242,26.57,33.87,62.6,NA,13.11,3.54,10.07,3.03,78.93,5.91,NA,1014.17,5.7,1132504.2,18747.2,19.17
6,2004,3852.70681,6277.642049,1686.665098,33959.87457,28429.74262,6705.984592,20324.23958,14.99,13.3,7.33,15.34,9.69,7.42,6.87,105.57,72,12.25,7.25,0,0,0,0.27,0,22.06,0.38,43.2,0,0,0.92,87.63,6818.08,95.07,2.69,0,64.22,74.25,54.1,263.33,272,27.6,43.53,55.02,NA,14.3,1.96,10.37,3.23,71.17,6.46,NA,1015.81,5.9,1132504.2,18747.2,19.17
5,2004,4062.828503,6388.537908,1652.086452,35513.41884,31289.63585,6748.060113,26870.91146,14.2,12.17,7.03,13.07,9.36,7.23,6.77,29.86,27.07,19.31,11.5,0,0,0,0.93,0,16.06,0,33.2,0,0,1.1,84.44,6720.5,208.8,4.83,0,59.14,69.48,48.73,250,264.67,28.73,37.2,51.32,NA,13.12,3.3,10.79,3.45,74.56,6.9,NA,1016.11,6,1132504.2,18747.2,19.17
4,2004,4109.557174,6334.426345,1745.641165,38359.16363,34102.83898,7035.911675,21960.23958,14.03,11.71,7.01,11.51,9.49,7.72,6.18,2.14,2.07,15.38,8.69,0.86,0.71,0,8.67,0.31,4.63,0.06,21.93,1.14,1.63,1.54,79.38,6502.33,555.07,4.11,2.1,46.57,55.82,37.23,252,249.33,35.22,46.53,35.12,128.18,14.03,2.97,11.94,4.28,65.9,7.99,NA,1014.53,6.1,1132504.2,18747.2,19.17
3,2004,3969.845091,6110.281658,1833.82752,30487.11155,29391.70095,6394.773655,20089.32031,13.98,12.11,6.34,11.48,10.11,8.21,6.06,0,0,16.81,7.44,7.43,3.14,0.4,19.07,3.81,0.31,0,11.33,8.43,7.67,0.85,68.06,5936.33,865.93,2.62,13.49,36.89,45.06,28.71,268.67,268,33.34,43.07,28.4,97.13,13.1,1.54,12.3,4.1,71.6,7.69,NA,1020.45,6.3,1132504.2,18747.2,19.17
2,2004,4165.109466,6343.081632,1788.626999,36715.12457,35875.62543,6991.841363,23947.67188,14.02,12.07,6.98,11.33,10.42,8.53,6.55,0,0,6.94,2.56,22.14,2.43,3.2,27.33,10.5,0,0,-3.33,12.86,2.66,0.78,51.13,5052.67,1115.2,1.46,7.47,25.54,34.9,16.08,238.67,243.33,30.99,44.53,16.15,159.86,14.18,1.15,12.05,3.92,65.83,7.29,NA,1021.51,6.3,1132504.2,18747.2,19.17
1,2004,4087.197565,6314.211788,1849.070488,32370.55686,34239.75564,6237.406467,21108.42188,13.32,11.97,6.64,11.41,10.22,7.79,7.16,0,0,13.56,5.31,23.29,11.43,7.67,28.67,23.8,0,0,-11.33,13.43,7.89,0.43,51.93,3914.5,1499.79,1.62,38.66,16.05,23.24,8.85,282,287.33,34.51,44.73,8.89,136.49,12.7,1.16,13.02,4.8,70.64,8.42,952.3,1015.92,6.4,1132504.2,18747.2,19.17
12,2003,4017.426159,6228.320512,1738.019863,27453.67405,21091.87543,6211.440321,20275.17708,13.63,11.88,6.69,11.36,9.14,7.51,6.11,507.77,0,12.38,6.56,13.83,5.17,1.57,25.71,10.07,0,0,7.14,11,9.02,0.99,54.53,2405.38,1075.71,3.48,25.23,29.88,37.64,22.29,264.29,261.43,35.43,46.21,23.15,128.25,13.9,2.42,12.97,4.51,71.77,8.1,997.53,1016.62,6.4,1104937.1,16807.9,19.18
11,2003,4022.632799,6126.183924,1747.810931,26975.20009,22382.30773,6948.018446,21804.46875,14.23,12.24,6.65,12.02,8.42,6.66,5.41,526.21,0.07,15.19,7.56,2,1.33,0.07,13.2,0.69,0.75,0,18.53,1.33,1.7,1.15,70.63,1295.86,652.6,3.7,3.67,42.95,51.04,34.89,265.33,275.33,41.07,53.47,36.03,46.5,13.61,2.68,13.57,3.97,75.55,7.37,999.28,1017.43,6.4,1104937.1,16807.9,19.18
10,2003,3961.063893,6005.010148,1719.566348,33069.05165,27067.34939,6985.66428,22044.4974,14.75,13.6,7.09,13.01,7.87,7.04,5.4,526.14,0.4,13.81,7.44,0,0,0,5.75,0.13,4.44,0,28.19,0,0,1.22,76.94,642,497.47,4.04,0,48.82,58.29,39.31,251.33,266,36.53,47.93,41.24,NA,14.48,2.9,11.41,3.52,73.7,6.9,996.47,1015.22,6.4,1104937.1,16807.9,19.18
9,2003,3902.572904,5924.01059,1748.777389,32889.68446,28750.25564,6813.674696,23392.72396,14.92,14.1,7.2,15.58,7.73,7.18,5.54,525.71,46.13,14.75,8.06,0,0,0,0.2,0,21.13,0,41.27,0,0,1.23,82.13,141.5,106.2,4.04,0,62.99,72.33,53.63,166.67,154.67,31.14,40.47,56.38,NA,14.25,3.3,10.82,3.22,78.57,6.22,1000.4,1019.04,6.5,1104937.1,16807.9,19.18
8,2003,3728.297201,6058.636606,1831.970202,32744.57509,28567.83898,6552.971571,22442.9375,14.94,14.25,7.03,16.17,7.62,6.6,5.67,478.79,218.21,14.06,7.06,0,0,0,0,0,29.73,0.33,48.27,0,0,1.16,87.67,33.64,23.36,3.57,0,71.28,80.09,62.51,229.33,221.33,25.9,32.47,64.32,NA,12.5,2.56,9.79,2.67,78.88,5.61,998.11,1016.39,6.5,1104937.1,16807.9,19.18
7,2003,3635.472435,6068.10684,1877.937546,33584.56467,27966.07335,6536.252821,16253.39063,15.14,14.27,7.05,16.01,8.09,7.17,5.89,261.13,183.27,14.63,7.56,0,0,0,0,0,30.13,1.25,53.07,0,0,0.98,89.19,9.6,9.6,3.37,0,70.69,80.18,61.13,260.67,264,28.53,36.6,61.84,NA,14.31,2.43,10.34,3.1,73.71,6.2,996.08,1014.32,6.5,1104937.1,16807.9,19.18
6,2003,3657.63681,5779.212049,1776.835098,35853.87457,25964.74262,6632.984592,16920.23958,14.98,13.44,7.03,14.71,8.95,7.03,6.77,78.13,73.19,13.44,8,0,0,0,0.19,0,19.31,1.88,42.38,0,0,1.38,90.63,7283.93,93.38,5.03,0,64.32,73.54,55.1,254,232.67,27.67,35.13,56.17,NA,13.23,3.67,9.86,3.14,75.29,5.99,995.21,1013.29,6.4,1104937.1,16807.9,19.18
5,2003,3974.108503,6028.447908,1910.046452,38411.41884,28418.63585,7029.060113,19702.91146,14.77,12.82,7.02,12.93,9.27,7.07,NA,2.6,1,16.38,10.5,0,0,0,1.38,0,6.75,0,33.19,0,0,1.41,79.88,7188.64,311.5,4.9,0,54.85,64.23,45.5,228.67,218.67,28.73,37.4,45.98,NA,13.81,2.89,10.78,3.38,72.89,6.49,1004.7,1015.2,6.4,1104937.1,16807.9,19.18
4,2003,4062.567174,5967.276345,1820.301165,39799.16363,29083.83898,7534.911675,24844.23958,14.55,12.97,7.59,12.22,9.48,8.83,6.18,1.4,1.4,10.94,5.75,4.5,1.5,0.13,13.07,2.31,3.94,0,18.27,3.33,2.92,0.68,82.38,6872.57,645.73,2.4,4.43,43.52,53.21,33.93,268,264.67,31.95,40.8,31.41,73.23,13.78,1.67,11.47,4.11,64.56,7.29,954.8,1017.66,6.3,1104937.1,16807.9,19.18
3,2003,4064.005091,6080.371658,1799.15752,37048.11155,32813.70095,6615.773655,23288.32031,13.91,12.43,7.6,11.69,9.79,8.25,8.71,0,0,12.69,7.75,13.17,1.83,2.33,22.27,4.94,0.56,0,-4.33,4.5,2.67,0.86,69.19,6220.36,954.6,3.07,5.9,34.03,44.58,23.45,260.67,265.33,32.33,41.07,25.51,70.51,13.68,2.17,11.8,3.87,69.44,7.29,NA,1016.03,6.3,1104937.1,16807.9,19.18
2,2003,4043.539466,6022.421632,1900.996999,40027.12457,35536.62543,7329.841363,24700.67188,13.3,11.69,7.46,9.88,8.34,7.45,7.26,0,0,11.33,5.67,26.33,5.83,5.07,25.67,16.38,0,0,-7.13,14.5,8.75,0.91,46.44,5253.79,1217.13,2.33,23.67,21.11,28.98,13.11,267.33,274,38.84,49.73,13.41,165.82,13.21,1.87,13.26,4.1,69.58,7.77,NA,1016.93,6.3,1104937.1,16807.9,19.18
1,2003,4046.557565,6207.181788,1873.100488,31792.55686,31727.75564,7239.406467,25063.42188,12.77,11.01,7.24,9.63,7.85,6.67,6.29,0,0,12.6,3.87,25.17,9.67,6.33,30.2,23.53,0,0,-8.67,11.83,7.03,0.64,42,4020.79,1431.47,1.52,31.3,18.33,25.87,10.77,255.33,282.67,32.13,42.47,11.67,147.28,12.88,1.24,12.38,4.3,71.84,7.72,NA,1015.35,6.3,1104937.1,16807.9,19.18
12,2002,3965.096159,5414.180512,2023.449863,35775.67405,32316.87543,7382.440321,27059.17708,13.19,11.83,4.94,9.48,7.55,6.68,5.21,698,0,13.56,7.25,21,6.67,1.79,26.64,11,0,0,1,10.33,10.52,0.86,52.07,2569.29,1137.57,3.15,30.13,27.68,34.85,20.49,274,270.67,32.39,41.27,21.5,113.97,13.21,2.17,12.37,4.23,73.86,7.55,NA,1016.13,6.2,1102140.1,16627.5,19.14
11,2002,3988.382799,5314.813924,2132.050931,35342.20009,37078.30773,8228.018446,29190.46875,13.37,11.55,4.92,10.08,6.58,5.92,4.94,721.47,0,17.81,9.19,4,3.83,0.07,16.07,2.88,0.38,0,15,3,3.13,0.85,67.25,1402.2,775.87,3.69,10.58,38.97,45.84,32.04,279.33,275.33,33.25,42.73,32.86,50.94,13.42,2.71,11.83,4.04,77.2,7.26,NA,1013.84,6.1,1102140.1,16627.5,19.14
10,2002,3947.833893,5314.380148,2034.976348,33198.05165,29438.34939,7641.66428,32604.4974,13.87,12.92,5.34,11.84,6.4,5.02,4.69,721.47,14.67,13.94,6.88,0,0,0,7.33,0,4.56,0,24.87,0,0.08,1.47,81.75,626.27,508.73,4.03,0.08,49.07,57.3,40.8,214,220,30.81,41.07,42.15,30.5,14.57,2.46,10.84,3.54,75.34,6.52,NA,1019.46,6.1,1102140.1,16627.5,19.14
9,2002,3990.572904,5022.32059,2269.137389,32765.68446,31000.25564,7673.674696,33262.72396,14.42,13.07,5.13,13.21,5.55,4.58,4.18,706.6,82.47,11.06,5.25,0,0,0,0.33,0,23.94,1.44,42.47,0,0,1.71,90.13,117.33,79.8,4.23,0,65.07,75.9,54.39,302,282.67,31.79,40.73,56.08,NA,14.4,3.13,10.72,3.09,72.53,5.98,NA,1017.9,6,1102140.1,16627.5,19.14
8,2002,4064.737201,5276.666606,2135.260202,33135.57509,32588.83898,7630.971571,33654.9375,14.16,13.58,5.23,13.18,5.36,4.52,3.87,624.07,222.67,9.5,4.75,0,0,0,0,0,29.06,5.75,51.06,0,0,1.45,94.13,37.53,21.67,3.13,0,71.48,82.07,60.88,203.33,205.33,30.39,40.2,60.77,NA,14.46,1.96,9.8,2.91,69.54,5.87,NA,1018.1,6,1102140.1,16627.5,19.14
7,2002,3883.662435,5209.26684,2148.497546,33275.56467,32686.07335,7630.252821,30687.39063,14.19,13.89,5.34,13.04,5.53,4.75,3.92,401.4,254,7.06,4.06,0,0,0,0,0,30.06,6.25,49.6,0,0,0.93,94,15.6,15.6,1.93,0,72.69,82.98,62.47,248,252.67,31.04,38.2,61.45,NA,13.76,1.19,9.94,3.28,68.1,6.19,1000.26,1015.51,6.1,1102140.1,16627.5,19.14
6,2002,3719.24681,5191.492049,2029.835098,34754.87457,31015.74262,8077.984592,28958.23958,14.01,12.72,5.58,11.66,6.37,4.91,4.02,147.27,111.53,13.13,8.5,0,0,0,0.13,0,22.75,0.69,41.53,0,0,1.59,88.75,5956.93,78.53,4.99,0,66.11,76.07,56.13,242,258.67,30.73,40.13,56.94,NA,13.78,3.34,11,3.46,72.76,6.69,NA,1015.36,6.1,1102140.1,16627.5,19.14
5,2002,3983.768503,5337.237908,2156.256452,36069.41884,30391.63585,8100.060113,26471.91146,13.3,11.77,5.17,9.96,6.33,5.21,4.14,35.47,11.93,14.44,8.63,0,0.14,0,2.73,0,10,0,31.33,0,0.31,1.44,81,5877.71,355.8,4.81,0.31,53.89,63.79,43.87,258,257.33,36.21,48.33,42.49,NA,14.43,3.02,11.82,4.31,66,7.98,NA,1016.59,6.2,1102140.1,16627.5,19.14
4,2002,3954.397174,5283.076345,2055.151165,31978.16363,30580.83898,8092.911675,30937.23958,12.69,11.66,5.06,9.34,6.43,5.64,4.16,23.4,23.4,15.19,8.81,0.67,0.83,0,10.27,0.44,6.19,0.63,21,1.33,1.63,1.22,88,5516.36,523.33,3.93,2.67,48.27,57.73,38.61,252,260.67,32.07,40.73,36.71,51.83,14.37,2.66,11.48,4.33,65.63,8,NA,1018.52,6.3,1102140.1,16627.5,19.14
3,2002,3672.065091,4984.011658,2013.15752,24863.11155,28057.70095,7422.773655,28623.32031,12.81,11.53,5.16,9.17,6.3,5.97,3.55,0,0,15.19,6.88,5.17,3.5,0.27,22.07,4.19,0.13,0,12.53,3.17,2.95,0.87,67.13,4987.07,894.87,3,9.78,36.13,45.2,26.97,254.67,253.33,39.98,52.07,26.22,51.75,13.47,1.86,13,4.83,67.67,8.6,NA,1019.71,6.3,1102140.1,16627.5,19.14
2,2002,3595.589466,4954.541632,2139.566999,18125.12457,25594.62543,7191.841363,31820.67188,13,11.18,4.81,8.65,6.51,5.86,3.13,0,0,11.25,4.19,10.83,3.5,1.67,23.53,5.33,0,0,5.73,4.33,4.35,0.45,60.33,4079.79,934.07,1.4,11.88,31.64,41.65,21.64,270.67,280,39.2,51.33,21.46,124.72,14.32,1.14,12.93,4.48,65.01,8.26,NA,1016.53,6.2,1102140.1,16627.5,19.14
1,2002,3691.677565,4968.531788,2010.670488,20331.55686,21497.75564,7177.406467,32434.42188,12.95,11.45,5.47,9.35,6.72,6.18,3.42,0,0,13.69,6.13,12.83,4.5,0.53,24.67,7,0,0,7.4,9.5,5,0.72,58.63,3136.07,1024.93,2.09,13.42,31.87,39.1,24.51,278.67,279.33,32.79,42.73,24,109.55,13.51,1.03,11.78,4.4,72.38,7.52,NA,1014.23,6.1,1102140.1,16627.5,19.14
12,2001,3625.186159,5080.710512,2012.619863,20641.67405,26846.87543,7365.440321,34813.17708,13.25,11.79,5.38,10.89,7.32,6.41,NA,574.42,0,12.94,6.31,5.17,3.5,0.25,21.13,6.06,0.31,0,13.38,10,6.82,0.59,67.88,2098.71,894.93,2.3,21.23,35.66,43.15,28.17,282,283.33,32.44,42.13,28.74,124.19,13.92,1.61,11.71,4.05,74.31,6.82,NA,1016.38,6,1112238.7,16205.8,19.08
11,2001,3830.152799,5136.823924,2221.350931,26229.20009,25344.30773,5034.018446,32737.46875,13.53,11.66,5.18,11.16,6.92,5.06,NA,574.42,0.07,12.25,5.44,0,0,0,10.47,0.13,0.69,0,22.53,0,0.08,0.52,70.13,1193.93,578,1.78,0.1,45.51,54.69,36.31,267.33,277.33,30.52,53.6,37.19,NA,14.4,1.16,11.39,4.1,71.74,6.97,NA,1020.78,5.8,1112238.7,16205.8,19.08
10,2001,3731.253893,4997.270148,2088.316348,32767.05165,33494.34939,7041.66428,37615.4974,14.22,13.74,5.3,11.57,6.47,4.94,NA,574.33,4.73,11.44,5.63,0,0,0,6.2,0,9.06,0,26.07,0,0.07,0.54,78.56,611.5,405.53,1.98,0.09,52.03,62.23,41.79,253.33,252.67,32.94,42.53,42.08,NA,15.15,1.36,12.12,4.23,68.17,7.27,NA,1017.78,5.5,1112238.7,16205.8,19.08
9,2001,3677.872904,4927.05059,2177.837389,33621.68446,38753.25564,7306.674696,35056.72396,14.23,13.95,5.39,13.14,7.12,7.11,NA,569.33,46.21,10.94,4.88,0,0,0,0.57,0,19.27,0.47,38.21,0,0,1.25,86,202.64,154,2.97,0,61.41,71.93,50.94,180,185,25.8,33,52.98,NA,14.87,2.54,9.81,3.43,73.01,5.91,NA,1017.7,5.3,1112238.7,16205.8,19.08
8,2001,3361.177201,4850.136606,2253.300202,33473.57509,36705.83898,7124.971571,36974.9375,14.61,14.74,6.03,14.41,7.63,4.59,NA,528.85,240.6,12.13,7.38,0,0,0,0.07,0,30.38,4.56,49.33,0,0,1.35,96.56,46.6,10,3.86,0,72.52,83.07,62.09,267.33,264.67,28.74,37.67,62.62,NA,13.89,2.13,9.93,3.27,71.75,5.79,NA,1015.57,5,1112238.7,16205.8,19.08
7,2001,3338.832435,4846.98684,1455.687546,33348.56467,35014.07335,7603.252821,24954.39063,14.99,14.55,6.55,14.25,8.19,4.84,NA,288.69,134.56,10.06,5.19,0,0,0,0.13,0,28.69,1.63,45.63,0,0,0.52,91.44,34.44,34.44,1.85,0,68.26,78.67,57.86,286.67,283.33,30.27,39,57.6,NA,15.4,1.37,10.54,3.58,68.22,6.28,NA,1015.12,4.7,1112238.7,16205.8,19.08
6,2001,3663.76681,5122.572049,2301.305098,34324.87457,32460.74262,7460.984592,31902.23958,14.41,12.72,5.48,13.84,9.26,7.31,NA,154.15,129.44,10.81,6.19,0,0,0,0.19,0,24.81,1.94,39.56,0,0,1.59,91.31,7041.58,60.81,3.9,0,67.34,77.51,57.16,210,236,27.33,35.67,57.56,NA,14.24,2.54,9.95,3.36,71.22,5.88,1004.97,1015.73,4.5,1112238.7,16205.8,19.08
5,2001,3818.838503,5260.607908,2156.596452,31436.41884,29630.63585,7221.060113,30512.91146,14.01,11.88,5.45,13.5,10.46,8.17,NA,22.23,20.94,11.44,7,0,0,0,1.19,0,13.38,0.13,33.56,0,0,1.02,86.75,6977.5,225.13,3.05,0,58.37,69.16,47.56,164,226.67,30.07,39.47,46.63,NA,15.16,1.87,10.65,3.78,65.65,6.76,NA,1016.56,4.4,1112238.7,16205.8,19.08
4,2001,3876.267174,5216.766345,2071.301165,35554.16363,24689.83898,7636.911675,24215.23958,13.44,11.49,5.59,11.43,10.38,7.92,NA,1.92,1.86,8.94,4.75,0.29,0.14,0,9.93,0.06,5,0,25.2,0.29,0.27,0.57,80.94,6743.92,556.43,1.47,0.31,46.65,57.5,35.97,232,257.33,32.08,41.87,33.62,93.39,15.48,0.93,11.42,3.62,61.19,6.91,960.25,1018.07,4.2,1112238.7,16205.8,19.08
3,2001,3827.705091,5104.471658,2211.20752,34101.11155,21788.70095,6710.773655,21924.32031,13.58,12.09,5.36,10.53,10.86,9.08,NA,0,0,16,9.25,19,7.43,1.43,26.36,6.94,0,0,8.14,10.5,6.79,1.32,50.56,6186.75,1059,4.93,27.93,30.68,38.28,23.42,205.71,220.71,32.49,40.79,23.36,122.89,13.42,2.82,12.08,4.11,72.3,7.42,NA,1013.81,4.2,1112238.7,16205.8,19.08
2,2001,3695.469466,5004.171632,2390.686999,26632.12457,20795.62543,6569.841363,24165.67188,13.93,12.31,5.72,11.24,12.02,10.92,NA,0,0,12.06,4.88,14.83,4.86,2.29,25.93,9.5,0,0,2.29,4.67,4.99,0.58,54.5,5127.83,1070.57,1.87,15.3,26.66,35.95,17.83,272.86,270,39.96,59.07,19.07,67.62,14.1,1.28,12.83,4.27,69.66,7.89,NA,1021.01,4.2,1112238.7,16205.8,19.08
1,2001,3789.067565,5258.641788,2109.510488,34044.55686,21728.75564,7335.406467,22537.42188,13.89,12.7,5.5,12.47,11.96,9.39,NA,0,0,12,5.19,29.67,5.43,2.64,28.71,14.88,0,0,0.36,11,4.2,0.53,43.19,4059.17,1257.54,1.83,15.81,24.49,32.39,16.8,260,268.57,28.44,36.5,19.51,128.78,12.92,1.07,11.14,3.39,77.73,6.53,NA,1016.87,4.2,1112238.7,16205.8,19.08
